sample_id,source_name,alpha_deg,U_inf,Re,log10_Re,t_max,x_tmax,m_max,x_m,Cl,Cd,n_wall_nodes,Cl_int_p,Cl_int_tau,Cd_int_p,Cd_int_tau
0,,-4.156,31.283,2018499.205,6.305028583,0.1432278508,0.2997402959,0.009000473714,0.7060957202,-0.3210470191,0.01063650104,994,-0.3211219346,7.215800707e-05,0.002763859761,0.008080804651
1,,3.588,31.382,2024887.065,6.306400806,0.1326819866,0.2992973275,0.02153975837,0.322330454,0.569220158,0.01092073529,1018,0.5691449552,7.275561652e-05,0.002974935404,0.008142221798
2,,13.713,31.468,2030436.115,6.307589329,0.06996084619,0.2974459892,0.03245280336,0.3623263304,1.62036487,0.02925488577,992,1.620131981,0.0002664031568,0.02402481387,0.005277790005
3,,-3.342,31.534,2034694.688,6.308499251,0.1715011668,0.2994914815,0.002727469091,0.43474985,-0.3097181634,0.01121218998,1013,-0.3097109269,-4.765512509e-06,0.003156425233,0.008275090445
4,,2.75,31.577,2037469.213,6.309091055,0.1732090403,0.2985288994,0.02353024239,0.4440995577,0.5267119595,0.01194813829,979,0.5265245939,0.0001827549748,0.003768385241,0.008372409929
5,,-0.742,31.677,2043921.597,6.310464233,0.05657801363,0.2983028249,0.02893805506,0.526658682,0.2749561048,0.008573789296,908,0.2748038651,0.0001542749881,0.0009302630425,0.007769832733
6,,0.925,31.678,2043986.12,6.310477942,0.1076764911,0.2993262377,0.0002080541945,0,0.1032352493,0.009291170125,1024,0.1032528525,-1.854896012e-05,0.001477187221,0.008003796237
7,,0.424,31.68,2044115.168,6.310505361,0.116169238,0.2997748917,0.002498654957,0.2193031437,0.06675525699,0.009450300473,1023,0.06675528215,-3.733617624e-07,0.001595833584,0.008053226181
8,,7.291,31.803,2052051.6,6.312188277,0.1064223552,0.2977033149,0.03767296422,0.3572940164,1.100510186,0.01345163422,995,1.100402901,0.0001103066797,0.005760159169,0.007850151419
9,,1.334,31.812,2052632.315,6.312311162,0.1954834732,0.2996292648,0.001675011411,0.1695188737,0.1494157043,0.01156374236,1007,0.1493869231,2.770175842e-05,0.003370682837,0.008423481457
10,,-1.58,31.863,2055923.03,6.313006852,0.1003198856,0.2993008278,0.01549091886,0.6962989759,0.05126313976,0.009224740755,958,0.05112352862,0.0001343086097,0.001447691505,0.007949813366
11,,11.514,32.058,2068505.179,6.315656613,0.0938574426,0.2947247284,0.06472896298,0.6293946622,1.765817005,0.02909043657,862,1.765532014,0.0003464267179,0.02206964199,0.00705563927
12,,12.122,32.137,2073602.562,6.316725521,0.09276951363,0.2960452975,0.04752088402,0.5272667697,1.674984601,0.02423175967,908,1.674725754,0.0002969233384,0.01748022124,0.006813751754
13,,-0.546,32.199,2077603.04,6.317562572,0.1375707011,0.2988775695,0.0004579520408,0,-0.0530279562,0.00990584754,1019,-0.05303574154,7.866811212e-06,0.001981777574,0.00813389273
14,,14.036,32.432,2092637.094,6.320693919,0.05926300769,0.2999652522,0.06371452956,0.2839434386,1.846987947,0.03540643306,1033,1.846864629,0.0001770902296,0.02982260377,0.005617187612
15,,3.294,32.494,2096637.572,6.321523364,0.08672926684,0.3000543807,0.03721005577,0.2272125852,0.7478114233,0.01041390354,1051,0.7477407507,6.963278285e-05,0.002656493173,0.007931202194
16,,12.136,32.499,2096960.191,6.321590186,0.08121387502,0.2995284351,0.0136502314,0.3104184061,1.349654885,0.01973362759,1029,1.349501068,0.0001640181765,0.01376493494,0.006080246466
17,,-0.627,32.642,2106187.1,6.323496948,0.08252593195,0.2997292948,0.002690862691,0.1753851389,-0.04785531349,0.008719745196,1037,-0.04787892976,2.4197106e-05,0.001048162615,0.00784166927
18,,1.2,32.66,2107348.529,6.323736368,0.1830189789,0.2980871865,0.033355275,0.3586263794,0.4176617283,0.01192448046,997,0.4174385712,0.0002225152666,0.003763435193,0.008373025856
19,,5.679,32.677,2108445.434,6.323962366,0.09860816902,0.2996843211,0.005573366781,0.3180642151,0.6611307376,0.01061697019,1024,0.6611960831,-6.795064881e-05,0.003137410083,0.007653321911
20,,8.859,32.706,2110316.625,6.32434762,0.1883350014,0.300469041,0.0235745836,0.2945472632,1.055125805,0.01774405221,1015,1.054752551,0.0003826545442,0.00972290972,0.008171969764
21,,11.377,32.717,2111026.387,6.324493662,0.1379726007,0.2992009206,0.03154345448,0.3293592773,1.386226139,0.02006045817,1014,1.385879533,0.0003645125447,0.01258376907,0.007598134159
22,,-0.128,32.892,2122318.059,6.32681047,0.1516991825,0.2936364184,0.05042342127,0.395326629,0.5279271844,0.01147931052,978,0.5276065254,0.0003168423567,0.003435766999,0.008225881149
23,,8.203,32.902,2122963.297,6.326942486,0.1451218,0.2991823765,0.02756114171,0.3273462323,1.079287182,0.01491533014,1018,1.079067522,0.0002236302448,0.00711462353,0.007964002566
24,,-0.472,32.941,2125479.727,6.327456967,0.1161456507,0.2966269999,0.04577361195,0.5692538408,0.506437383,0.01042431821,910,0.5061540463,0.0002799419107,0.002498762808,0.008079097812
25,,-0.849,32.966,2127092.823,6.327786442,0.1915893597,0.3016246484,0.02136343465,0.189837974,0.1367207509,0.01144434429,1060,0.1366136898,0.0001092046719,0.003316397232,0.008367529119
26,,6.968,33.012,2130060.919,6.328392024,0.05620713533,0.2991439854,0.01817545216,0.4883465331,0.9567137978,0.01227465719,942,0.9568526848,-0.0001360504561,0.005677648375,0.00671113877
27,,9.94,33.071,2133867.826,6.329167515,0.1612547255,0.2995443095,0.005654026323,0.5040275019,1.055402404,0.01588769202,1006,1.055164884,0.0002411553719,0.008269306711,0.007774879297
28,,-2.653,33.137,2138126.399,6.330033376,0.1431859529,0.2996821784,0.0288376542,0.3065309513,-0.02958281456,0.01020193912,1012,-0.02971369,0.0001329920013,0.002408371627,0.008009515011
29,,-1.909,33.163,2139804.019,6.330373999,0.1175802445,0.3001263889,0.0167913737,0.1539906697,-0.06057028676,0.009506570449,1081,-0.06062738672,5.957033708e-05,0.001802625695,0.007909443678
30,,12.978,33.16,2139610.447,6.33033471,0.07309058924,0.2968241243,0.04147798549,0.5378972399,1.678842987,0.02765137569,899,1.678621314,0.0002602800851,0.02203010137,0.005664498982
31,,10.15,33.187,2141352.591,6.330688183,0.05273259071,0.2979983314,0.03181011646,0.3949955396,1.322247945,0.01931865418,967,1.322378537,-0.0001203650908,0.0138309799,0.005572874572
32,,2.869,33.191,2141610.686,6.330740525,0.1315144654,0.2988004848,0.02337768176,0.385307542,0.5230804301,0.01059117496,993,0.522989446,8.805181609e-05,0.002692526285,0.008091414675
33,,-0.071,33.238,2144643.307,6.331355071,0.06479450828,0.2996638385,0.006316281223,0.228784513,0.05764456429,0.008369758163,1029,0.05762406593,2.084722223e-05,0.000783202821,0.007736274109
34,,9.415,33.243,2144965.926,6.331420398,0.09924693685,0.2996058726,0.005201582013,0.3354795453,1.040154863,0.01391139203,1027,1.04012544,2.977448911e-05,0.006994969618,0.007070547229
35,,-1.073,33.263,2146256.403,6.331681604,0.1557191362,0.2995863325,0.01362619606,0.5336434263,0.03791846651,0.01035968567,982,0.03782274622,9.127113223e-05,0.002393088511,0.008178940055
36,,14.436,33.272,2146837.117,6.331799095,0.09231789307,0.3000608686,0.04513335573,0.265374829,1.775228328,0.03050213871,1038,1.774820243,0.0004515065567,0.02407476112,0.006492922618
37,,-4.457,33.312,2149418.071,6.332320896,0.05575326833,0.2997109459,0.01260476431,0.3091246269,-0.3537156585,0.009330836774,1038,-0.3538889025,0.0001739506481,0.002400382583,0.007061903962
38,,11.069,33.32,2149934.261,6.332425181,0.1281117171,0.3008064741,0.05633741547,0.2708199978,1.623003849,0.02422638432,1031,1.622512168,0.0005266443731,0.01655145863,0.007779247392
39,,14.375,33.33,2150579.5,6.332555502,0.1265596619,0.2993156812,0.009612028843,0.3705195915,1.47764398,0.02493811048,1012,1.477167691,0.0005018208505,0.01841439494,0.006613605946
40,,6.653,33.441,2157741.646,6.333999444,0.1096363653,0.3001159713,0.02645657698,0.2297524135,0.9955076161,0.0125784715,1042,0.9954221875,8.411345301e-05,0.004924674792,0.007828103236
41,,-1.179,33.763,2178518.321,6.338161217,0.06797011787,0.2962321171,0.04476986078,0.5206785366,0.4145105437,0.009074112359,897,0.4142692675,0.0002432066098,0.001452561023,0.007754704637
42,,10.426,33.798,2180776.656,6.33861119,0.1122636201,0.299718886,0.03492127518,0.3062899535,1.357676512,0.01717649015,1015,1.357469034,0.0002172762972,0.009851630013,0.007466205348
43,,-1.984,33.816,2181938.085,6.338842423,0.07977259065,0.2990255456,0.0001471477603,0,-0.2157215058,0.008774504133,1030,-0.2157856347,6.519867111e-05,0.001194848114,0.007744146311
44,,6.261,33.846,2183873.8,6.339227538,0.1235940247,0.2997816322,0.006384958224,0.1521874288,0.7245322952,0.01148263378,1040,0.7245295001,-8.350960417e-07,0.003888214711,0.007784036335
45,,5.282,33.854,2184389.991,6.339330178,0.1569358225,0.2993409516,0.01255214116,0.360814852,0.6818247877,0.01202874102,1015,0.6817111538,0.0001095639751,0.004115209536,0.008107097543
46,,-4.025,33.941,2190003.564,6.340444822,0.1219771612,0.2994512165,0.0188197117,0.3253142412,-0.2691543948,0.009947137822,1022,-0.2692582793,0.0001072508161,0.002350894585,0.007793584495
47,,-1.17,33.984,2192778.089,6.340994683,0.1432690002,0.2988860562,0.0004900137874,0,-0.118516252,0.009996987064,1019,-0.1185267168,1.125361212e-05,0.002117867368,0.008091902581
48,,-0.415,34.112,2201037.141,6.342627371,0.1964615317,0.2995403739,0.0004591249467,0,-0.03693078853,0.01136796866,1011,-0.03692797346,-2.949035754e-06,0.003252091646,0.008347298625
49,,14.393,34.136,2202585.713,6.342932818,0.06066585056,0.2998389032,0.01971807636,0.1860663446,1.502108441,0.03458508536,1139,1.501857536,0.0002810105693,0.03030433583,0.004319997078
50,,1.149,34.283,2212070.717,6.344799007,0.1145044593,0.298892324,0.02758392638,0.3378299445,0.3659407397,0.009722370144,1011,0.3658481249,9.152232051e-05,0.001941343007,0.007972323515
51,,8.933,34.343,2215942.147,6.345558418,0.1992043987,0.2995552232,0.02350352105,0.3775304797,1.078426441,0.01877743948,1012,1.078013163,0.0004258721802,0.01071866286,0.008191390693
52,,3.661,34.449,2222781.674,6.346896807,0.0694984539,0.2982127232,0.02843221047,0.5066468627,0.7385132165,0.009880705517,924,0.7385135029,4.487962883e-07,0.002352188361,0.007664093151
53,,6.691,34.479,2224717.389,6.347274849,0.15141786,0.2914042969,0.06064432331,0.3679051003,1.287739412,0.01798436552,995,1.287294773,0.0004653164669,0.009869452664,0.008237890946
54,,5.856,34.539,2228588.819,6.348029947,0.05584219766,0.2997294192,0.01714679604,0.2477234213,0.809214525,0.01046771196,1042,0.8093756626,-0.0001603109422,0.003433456797,0.007170690496
55,,9.924,34.55,2229298.581,6.34816824,0.06065574225,0.2996717639,0.006787644367,0.168149778,1.093101145,0.01613465713,1070,1.093163972,-5.919457379e-05,0.01041494176,0.005837735033
56,,4.176,34.601,2232589.297,6.348808838,0.1109295422,0.2960724664,0.05840600511,0.6518864245,1.157589929,0.01450547325,874,1.157307219,0.0003033844306,0.006520607069,0.008078822573
57,,-4.801,34.613,2233363.583,6.34895943,0.1221023045,0.2995082949,0.0002100811168,0,-0.5125832563,0.01041120052,1021,-0.5126236534,4.419191263e-05,0.002786968863,0.007817428376
58,,-1.571,34.664,2236654.299,6.349598864,0.08976451621,0.2994486234,0.007874639686,0.6066943836,-0.06807129639,0.008836022471,988,-0.06815939141,8.706367555e-05,0.001222194059,0.007784791166
59,,7.036,34.665,2236718.823,6.349611392,0.06722731105,0.2999797288,0.03851902564,0.243874437,1.145188547,0.01245329206,1050,1.145220986,-3.018424246e-05,0.005139352532,0.007464476443
60,,4.982,34.666,2236783.347,6.349623921,0.08985375459,0.2996358684,0.008637461486,0.2870770044,0.6333504207,0.01009701681,1025,0.633420631,-7.303632181e-05,0.00265523827,0.00761131302
61,,11.28,34.735,2241235.491,6.350487491,0.08440314391,0.2992922719,0.0001321702277,0,1.174897663,0.01745305329,1027,1.174771635,0.0001311512361,0.0114729879,0.006105291841
62,,8.99,34.806,2245816.684,6.351374304,0.1977578447,0.3002857361,0.02012572387,0.3034993013,1.025509919,0.01789480766,1010,1.025132064,0.0003869566663,0.00990857701,0.00813630022
63,,7.93,34.878,2250462.4,6.352271761,0.1506176564,0.2989965102,0.03282544956,0.3349340924,1.093786672,0.01515519069,1011,1.093529424,0.0002626300884,0.00732600921,0.007989374028
64,,-3.548,34.943,2254656.449,6.353080376,0.1172228535,0.2995835234,0.008230993223,0.2828677557,-0.2938242697,0.009714450825,1020,-0.2939076836,8.587252419e-05,0.002098398556,0.007811975349
65,,-4.736,34.973,2256592.165,6.353453076,0.091971916,0.299015846,0.02259707223,0.6350844552,-0.2121537982,0.009490168112,932,-0.2123734901,0.0002160991067,0.002121311556,0.007533002596
66,,7.306,35.112,2265560.978,6.355175756,0.1493908774,0.3002235008,0.01572780273,0.2592767121,0.8936521862,0.01324798615,1033,0.8935104348,0.0001403679458,0.005517726948,0.007915867883
67,,-4.403,35.32,2278981.936,6.357740883,0.05379156965,0.299689976,1.42143223e-05,0,-0.4802670848,0.009193932546,1032,-0.4804341308,0.0001672159268,0.002170811494,0.007154121324
68,,-4.028,35.399,2284079.319,6.358711182,0.05746758293,0.2958466527,0.0438988793,0.4706253714,0.07075383474,0.009129753365,915,0.07049722338,0.0002589740141,0.002159296159,0.007094387993
69,,-3.014,35.424,2285692.415,6.359017787,0.0574361849,0.2999146688,0.01645728009,0.2568052764,-0.2039234055,0.008672768323,1058,-0.2040457111,0.0001239035403,0.001573134371,0.007237444129
70,,-0.673,35.429,2286015.034,6.359079082,0.1029944296,0.2965500837,0.04216461324,0.4049080685,0.3331278562,0.009498747458,968,0.3329385347,0.0001891454629,0.001844494568,0.007830630032
71,,12.572,35.445,2287047.416,6.359275169,0.1638509125,0.2988651871,0.0006182603244,0.707299911,1.226105576,0.01959446579,1016,1.225712486,0.0004048284023,0.0123642393,0.00736152869
72,,14.039,35.44,2286724.797,6.359213901,0.09259764646,0.3005124283,0.0469576556,0.2081439041,1.787729236,0.02860790057,1060,1.787282722,0.0004847028073,0.02196983947,0.006725058372
73,,8.246,35.486,2289692.893,6.359777236,0.08762937044,0.2976275915,0.03801289832,0.3585084467,1.203434782,0.0137121258,994,1.203397117,4.155732653e-05,0.006419030329,0.007440055684
74,,10.54,35.49,2289950.989,6.359826187,0.1017363012,0.2995727153,0.009918379921,0.3150162846,1.18466575,0.01545987622,1028,1.184570818,9.805751293e-05,0.008687273235,0.006918771287
75,,5.777,35.507,2291047.894,6.360034168,0.1047422747,0.299277028,0.01638313369,0.340781726,0.7651609772,0.01096387364,1018,0.7651750227,-1.629855345e-05,0.003448705556,0.00768935076
76,,-1.874,35.516,2291628.608,6.360144235,0.1867634266,0.2997237563,0.03609991639,0.317094078,0.1334130258,0.01132454868,1005,0.1332219723,0.0001922114917,0.003350554755,0.008204552686
77,,1.564,35.562,2294596.705,6.360706366,0.1138253213,0.2997635823,4.351926966e-05,0,0.1702351421,0.009312825538,1020,0.1702630693,-2.951350406e-05,0.001621995617,0.007886181567
78,,-4.221,35.575,2295435.515,6.360865097,0.1629907071,0.2930613305,0.06063429007,0.5255971796,0.2215630724,0.01169838321,919,0.2212005359,0.0003556520468,0.003894169331,0.007977050277
79,,-1.157,35.655,2300597.422,6.361840629,0.06160529565,0.299606842,0.003320309144,0.3760828842,-0.09714772909,0.008259402938,1023,-0.09720496578,5.791452942e-05,0.0007950894876,0.007608244981
80,,8.293,35.823,2311437.426,6.363882141,0.1142290337,0.299734587,0.00365603679,0.3214524731,0.9117237875,0.0126203665,1024,0.9117050246,1.657042925e-05,0.005403059156,0.007387985384
81,,-2.434,35.839,2312469.808,6.364076071,0.06142309146,0.3002542332,0.02714543674,0.2730774978,-0.05457089919,0.008641532472,1045,-0.0546792269,0.0001107140347,0.001516540219,0.007268609231
82,,7.149,35.856,2313566.713,6.364282027,0.1298516908,0.2998634831,0.008229933358,0.2330282253,0.8258804355,0.01215800072,1035,0.8258362504,4.069869498e-05,0.004635781814,0.007709101319
83,,2.687,36.026,2324535.765,6.366336233,0.08172740122,0.2999907302,0.02157624282,0.2831146545,0.4688566522,0.009180043392,1035,0.4688770404,-2.06706586e-05,0.0016209699,0.00772781472
84,,-4.685,36.077,2327826.481,6.366950604,0.1858028353,0.2994531844,0.003370971705,0.4104328778,-0.4319539185,0.0118115502,1013,-0.4319017009,-4.89257405e-05,0.003873689415,0.008155843448
85,,8.69,36.155,2332859.34,6.367888554,0.08576870462,0.2968923525,0.03949503053,0.3885794059,1.273430054,0.01436911603,975,1.27338485,5.112783466e-05,0.007175812334,0.007330477907
86,,-2.544,36.198,2335633.865,6.368404764,0.1429001218,0.3004332344,0.02380359053,0.2812703156,-0.06277211446,0.01000440682,1027,-0.06288047188,0.0001109576067,0.002295915244,0.007924904915
87,,6.699,36.228,2337569.58,6.368764547,0.09234244265,0.3000069609,0.02259357909,0.1726572322,0.9002974179,0.01155494982,1127,0.9003222927,-2.6765814e-05,0.004184415222,0.007551254575
88,,5.975,36.275,2340602.201,6.369327609,0.1442647959,0.2996291473,0.0002235842614,0,0.6299191417,0.01142053846,1018,0.6298963457,1.821948856e-05,0.003776282841,0.007842341072
89,,2.558,36.385,2347699.823,6.370642567,0.093034868,0.3001190955,0.02385960611,0.1567876927,0.4694667834,0.009465747829,1137,0.4694769565,-1.124973165e-05,0.001893092728,0.007763402461
90,,8.149,36.553,2358539.828,6.372643214,0.1302753096,0.2997686018,6.695855651e-05,0,0.8586892309,0.01261603423,1022,0.8586433764,4.28969982e-05,0.005268900994,0.007525831889
91,,-3.341,36.564,2359249.59,6.372773888,0.0944943564,0.2998071484,0.01073666323,0.2885760487,-0.2763654634,0.009171250298,1026,-0.276467578,0.0001047694828,0.001745759124,0.007603923712
92,,9.036,36.604,2361830.543,6.373248735,0.1062585401,0.2997246978,0.0008615771867,0.2555598199,0.9660958079,0.01315561852,1023,0.9660757871,1.869744156e-05,0.006200431323,0.007118302191
93,,11.319,36.622,2362991.972,6.373462246,0.1625365774,0.3015943889,0.03786542698,0.2856311194,1.388164801,0.02275834974,1025,1.387686707,0.0005023659552,0.01514352858,0.007725704949
94,,13.365,36.716,2369057.213,6.374575549,0.06359323504,0.2981268426,0.02787727408,0.4713738676,1.548664476,0.03142265174,932,1.548447976,0.0002494647825,0.02687444219,0.004580875551
95,,-1.098,36.78,2373186.739,6.375331913,0.1155560711,0.2996099794,0.0001504891442,0,-0.1172648212,0.00924729053,1024,-0.1172854713,2.162405122e-05,0.001580206401,0.007863570192
96,,-1.05,36.967,2385252.696,6.377534395,0.1644532802,0.3000397087,0.01093975456,0.2571792227,-0.008563179592,0.01035927497,1025,-0.008615197889,5.325887485e-05,0.002495566348,0.008090000364
97,,0.913,37.104,2394092.462,6.379140919,0.1223778746,0.2997969567,0.005251897139,0.2186574461,0.1432474961,0.009397199945,1035,0.14324402,2.405830107e-06,0.001706199736,0.007894153331
98,,9.69,37.159,2397641.273,6.379784206,0.09423198029,0.2997081226,0.01007930778,0.2977417681,1.10771768,0.01410209483,1021,1.10769354,2.504840451e-05,0.007334155145,0.006919189782
99,,-4.384,37.191,2399706.036,6.380158044,0.05697860471,0.2996477466,0.01536254685,0.1637179709,-0.330305399,0.03460423461,1143,-0.3305063503,0.0002051974732,0.0306446791,0.004025900049
100,,5.448,37.191,2399706.036,6.380158044,0.1293197711,0.2996568543,0.0001653580314,0,0.5829802629,0.01075499708,1020,0.5829994807,-2.359179672e-05,0.00320537896,0.00774446559
101,,6.299,37.251,2403577.466,6.380858124,0.1751013934,0.2996709939,0.01115528153,0.539333717,0.7558134536,0.01295410755,989,0.7556475397,0.000162661302,0.005085984271,0.00805047181
102,,4.879,37.261,2404222.705,6.380974694,0.09352067462,0.2970974548,0.04204922209,0.3581844231,0.8974587627,0.01111870777,993,0.8973904993,6.899844171e-05,0.003512735936,0.007771548516
103,,8.498,37.26,2404158.181,6.380963039,0.06056958887,0.2988656425,0.02062566019,0.4317167041,1.12814274,0.01390205793,959,1.128240006,-9.318350514e-05,0.007612931115,0.006402882045
104,,-2.407,37.291,2406158.42,6.381324218,0.06034401864,0.2989784049,8.623479085e-05,0,-0.2631445415,0.008393037494,1033,-0.2632425402,9.843983812e-05,0.001060842042,0.007474299493
105,,0.727,37.311,2407448.896,6.381557077,0.1131200219,0.2995183019,0.02143571346,0.3281132277,0.2653164577,0.009359315874,1020,0.2652460423,6.939770964e-05,0.001699464591,0.007852671323
106,,7.282,37.323,2408223.182,6.381696733,0.07356504329,0.2998083784,0.01816665759,0.2057784408,0.9240606202,0.01144451683,1101,0.9241696195,-0.0001096509706,0.004417666691,0.007186983333
107,,11.168,37.382,2412030.089,6.382382721,0.1607198938,0.3012986833,0.03213710054,0.2787347533,1.348965203,0.02084087586,1025,1.348538116,0.0004460195992,0.01327541479,0.007689090465
108,,7.045,37.536,2421966.76,6.384168178,0.09210991535,0.2996876188,0.01895140547,0.3093498415,0.9160474161,0.01157457977,1028,0.9160853746,-3.905255831e-05,0.00432806294,0.007411427983
109,,14.235,37.572,2424289.618,6.384584502,0.09575244863,0.2995277783,0.000119296088,0,1.403360366,0.025338525,1026,1.402935843,0.0004437956509,0.019881529,0.005544682811
110,,12.984,37.655,2429645.096,6.38554284,0.0724333062,0.2989483312,0.04312757122,0.3118889918,1.626891771,0.02310046845,1024,1.626742166,0.0001709611183,0.01706407498,0.006128641157
111,,-3.618,37.804,2439259.148,6.387257942,0.06776274779,0.2998044342,0.01166788058,0.2814605715,-0.3037853019,0.008823813619,1034,-0.3039181409,0.0001345941876,0.001692153309,0.007281374946
112,,9.4,37.873,2443711.293,6.388049896,0.1578650852,0.2997346529,0.01263647981,0.6614578884,1.103860976,0.01543747722,982,1.103625627,0.0002394781608,0.007890679107,0.007693826666
113,,4.133,37.982,2450744.391,6.389298017,0.1457331189,0.2997750121,0.03117336084,0.3318704495,0.7736820308,0.01184595374,1014,0.7734917631,0.0001867894547,0.004001520263,0.008029031673
114,,9.999,37.983,2450808.915,6.389309451,0.1053365811,0.3000922557,0.05688878676,0.2905242796,1.582594476,0.01915515773,1029,1.582285831,0.0003296862172,0.01167797599,0.007603261459
115,,4.96,38.033,2454035.107,6.389880771,0.1768802833,0.2992348031,0.0137594517,0.378503485,0.6262957745,0.01221111581,1007,0.6261516993,0.0001414578059,0.004315927613,0.00809526886
116,,-3.281,38.052,2455261.06,6.390097676,0.09853493192,0.2992193714,0.0598271713,0.3143908776,0.2807871254,0.009895845048,1016,0.280542605,0.0002416099898,0.002696356983,0.007378749508
117,,9.129,38.237,2467197.97,6.392203999,0.08291787417,0.2996931014,0.00337471532,0.3786784347,1.009359056,0.01335801978,1022,1.009386607,-2.720953804e-05,0.006843228127,0.006658658228
118,,-1.682,38.268,2469198.209,6.392555953,0.1341661071,0.2941412168,0.06142147868,0.5572288999,0.5399144106,0.01120193199,902,0.5395236481,0.0003898911364,0.003396118495,0.00795248909
119,,12.815,38.274,2469585.352,6.39262404,0.137079739,0.2998695034,0.008584372316,0.1938136162,1.348146011,0.01985769379,1044,1.34778485,0.0003738130362,0.01297535818,0.007013189737
120,,-2.604,38.382,2476553.926,6.393847789,0.09110289856,0.3001048582,0.0308158746,0.2953924318,-0.03064027799,0.00897148245,1025,-0.03077036376,0.0001323893816,0.001679816238,0.007469466015
121,,1.975,38.419,2478941.308,6.394266244,0.1619785963,0.3013248916,0.05489653638,0.2963363848,0.8052707279,0.01291710338,1023,0.8048997998,0.0003720082235,0.00496876622,0.008132661537
122,,5.932,38.477,2482683.691,6.394921391,0.1187439273,0.2994366219,0.020663303,0.3331377137,0.8147442542,0.01139810382,1016,0.8147015539,4.041740126e-05,0.003855837605,0.007722376267
123,,5.826,38.696,2496814.411,6.397386262,0.1393925723,0.2913699274,0.06319964681,0.4749385836,1.262962747,0.01641585448,928,1.262588232,0.0003952702831,0.008439757646,0.00808749343
124,,9.437,38.731,2499072.745,6.397778898,0.1491542789,0.2992603536,0.02800871224,0.3346500833,1.197960257,0.016238697,1011,1.197694988,0.0002730628347,0.008665452764,0.00772258766
125,,5.253,38.787,2502686.08,6.398406378,0.1121865093,0.3009731282,0.05943902296,0.2377364504,1.181750652,0.01372460595,1048,1.181454642,0.0003010085982,0.005980291605,0.007918135945
126,,3.751,38.797,2503331.319,6.398518333,0.19449919,0.2989574513,0.01785253871,0.381567687,0.5289235492,0.01233245619,1000,0.5287453605,0.0001760339691,0.004340292766,0.008198359521
127,,5.507,38.802,2503653.938,6.398574299,0.1097379519,0.2971677353,0.04079344085,0.3691491528,0.9562836827,0.01185899744,988,0.9561693641,0.0001151463807,0.004233344565,0.007792917644
128,,-2.224,39.019,2517655.611,6.400996323,0.131558147,0.2994200636,0.006660059422,0.5028387257,-0.1619057656,0.009599505844,1002,-0.161969383,6.380466198e-05,0.001962970584,0.007841129891
129,,8.67,39.01,2517074.896,6.400896138,0.1625747327,0.2999071921,0.005991246331,0.1897643875,0.9394226868,0.01412754359,1029,0.9392477971,0.0001740310825,0.006576959834,0.007731367047
130,,11.865,39.064,2520559.183,6.401496899,0.1210269087,0.29630779,0.05483959934,0.6270192504,1.709291083,0.02702771961,888,1.708917985,0.0004263530581,0.01984125894,0.007239907002
131,,4.447,39.152,2526237.281,6.40247414,0.1600775668,0.2984421096,0.02246362849,0.4569388189,0.7058526862,0.01188473237,978,0.7056857255,0.0001625917938,0.004039713663,0.008025293089
132,,6.325,39.204,2529592.521,6.403050568,0.08699222435,0.297314222,0.03198196614,0.3740432231,1.026917505,0.01168658185,989,1.026899633,1.793337336e-05,0.004343123319,0.007493535368
133,,8.883,39.31,2536432.047,6.404223232,0.1254780545,0.2993834196,0.0002604540595,0,0.9390677569,0.01306548865,1021,0.9390078634,5.7541227e-05,0.005926136729,0.007311717098
134,,1.649,39.333,2537916.096,6.40447726,0.1854612228,0.2954447012,0.04338901346,0.4246289008,0.5715128688,0.01241764715,969,0.5712098981,0.0003023221023,0.004410294368,0.008195979816
135,,11.642,39.375,2540626.097,6.404940755,0.09809128695,0.3001325761,0.04730313154,0.2710009679,1.639069811,0.02058807184,1034,1.638791938,0.0002994480871,0.01355038351,0.00715547887
136,,1.609,39.45,2545465.385,6.405767195,0.1828018359,0.29979105,0.001017001466,0.2696350473,0.1694190599,0.01082651779,1011,0.1693989073,1.824019958e-05,0.002947462726,0.008106262399
137,,-4.94,39.497,2548498.005,6.406284298,0.1644723904,0.2998357172,0.002736683179,0.1621376426,-0.4783186943,0.01114659274,1019,-0.4782914817,-2.267305172e-05,0.003436346503,0.007923465407
138,,0.468,39.501,2548756.1,6.406328278,0.1242114416,0.2973746545,0.03381791806,0.3947154167,0.3706190535,0.009767207359,980,0.370465613,0.0001516239156,0.002105755405,0.007853123554
139,,6.696,39.5,2548691.576,6.406317284,0.1512947701,0.2999221682,0.03220175651,0.3032129895,0.9726344107,0.01357055684,1010,0.9724172609,0.0002182372578,0.005831737654,0.007917842039
140,,-0.572,39.691,2561015.629,6.408412229,0.1570889942,0.3001704862,0.009697061041,0.1531347122,0.04273182125,0.01005209885,1043,0.04269563047,3.721348052e-05,0.002298872772,0.00797946755
141,,14.642,39.741,2564241.821,6.408958979,0.1057831147,0.3002886566,0.02570887648,0.1680823864,1.61865635,0.02643195497,1128,1.618190746,0.0004923324295,0.02016656237,0.006365619024
142,,2.734,39.908,2575017.302,6.410780151,0.1248387181,0.2974029862,0.05195672203,0.703412157,0.9676816236,0.01320629573,886,0.9673849677,0.0003099554827,0.005339600744,0.007972022674
143,,10.442,40.175,2592245.167,6.413676073,0.06878577103,0.2998520867,0.01638944826,0.1540094699,1.223974145,0.01533670993,1129,1.224012333,-3.563128421e-05,0.009143619723,0.006334786952
144,,2.112,40.316,2601343.028,6.415197624,0.1162112751,0.3000309633,0.01865175603,0.1855345404,0.386375357,0.009555201175,1091,0.3863522131,2.105770267e-05,0.001994202197,0.007765239936
145,,12.852,40.386,2605859.696,6.415951029,0.05906133978,0.3003342094,0.0618414568,0.2330729201,1.835408181,0.02532980859,1065,1.835294679,0.0001435195646,0.01918377283,0.006239502039
146,,-2.548,40.39,2606117.792,6.415994041,0.1444650396,0.2992636632,0.01922798103,0.3637977717,-0.09501384528,0.009856095924,1005,-0.09511740528,0.0001051120723,0.002240928128,0.007827775235
147,,-2.945,40.539,2615731.843,6.417593219,0.169083466,0.29645865,0.04179730652,0.4038080419,0.08598598569,0.01071971908,976,0.08576946783,0.0002155903983,0.003028439819,0.007910013053
148,,14.545,40.585,2618699.94,6.418085738,0.09250650598,0.299761964,0.002958505514,0.2925771357,1.449527057,0.02672676903,1027,1.44909113,0.0004582158508,0.02143838265,0.005366921322
149,,-2.366,40.676,2624571.609,6.419058427,0.1602198488,0.2956378653,0.05808335014,0.6268807939,0.4300820597,0.01188685262,901,0.4296926733,0.0003863534406,0.004063699129,0.007967434133
150,,12.911,40.758,2629862.564,6.419933053,0.06881209997,0.3003534528,0.03761888279,0.2870906555,1.584703961,0.02216669594,1035,1.584590238,0.0001307266464,0.01636289247,0.005902843069
151,,5.011,40.801,2632637.089,6.420390995,0.05967031352,0.2999175031,0.03176139628,0.1528013279,0.7781407526,0.009868304667,1217,0.7782374965,-9.533933173e-05,0.002639532021,0.007392826856
152,,1.007,40.889,2638315.187,6.421326677,0.1393669541,0.2995764107,0.003439976823,0.2744216184,0.1372911237,0.009624626098,1017,0.1372852689,4.684678278e-06,0.001975162778,0.007861442557
153,,7.126,40.963,2643089.95,6.422111943,0.1613498348,0.2997386037,0.005146145471,0.4105558905,0.7811322387,0.01254749539,1011,0.7810227832,0.0001063335639,0.004955791701,0.00778186994
154,,-0.773,41.044,2648316.381,6.422969867,0.1620675649,0.2995640106,0.0142353646,0.3589330659,0.04865893032,0.01014530357,1007,0.04858197532,7.6862854e-05,0.002409541996,0.007957591909
155,,8.609,41.134,2654123.527,6.423921132,0.1889207941,0.2969180442,0.0349615892,0.4120740369,1.127114672,0.01857284903,979,1.126717679,0.0004118269937,0.01071133956,0.007985387437
156,,2.464,41.15,2655155.908,6.424090027,0.1497399026,0.2996931768,0.004010110996,0.2651280414,0.2951035522,0.01009435942,1017,0.2950923253,8.202476482e-06,0.002422714619,0.007887150651
157,,6.263,41.173,2656639.956,6.4243327,0.1500616091,0.2981878062,0.03156391598,0.3786558363,0.9383223212,0.01305310091,992,0.9381234219,0.0001997008501,0.005339833246,0.007885097843
158,,11.852,41.191,2657801.385,6.424522523,0.1786175541,0.2995003562,0.0004139485964,0,1.146564206,0.01822863972,1014,1.146204106,0.000368559315,0.01090219108,0.007468279888
159,,3.266,41.234,2660575.91,6.424975655,0.148738972,0.299678947,0.01083630109,0.3030487346,0.4401832806,0.01042690625,1014,0.4401375747,4.216897151e-05,0.002754485264,0.007881573344
160,,-0.832,41.245,2661285.673,6.425091496,0.1524275804,0.299709772,0.004991142558,0.1866777544,-0.03897388733,0.009864098187,1027,-0.03899626281,2.352127198e-05,0.002177060717,0.007908750586
161,,2.953,41.299,2664769.96,6.425659724,0.1704552147,0.2994763561,0.0003931585942,0,0.3057694762,0.01066196092,1014,0.3057493385,1.658679392e-05,0.002910546035,0.00797102207
162,,-3.941,41.311,2665544.246,6.425785896,0.06193654562,0.2988303202,0.02290557131,0.4989382256,-0.1560797577,0.008610958247,930,-0.1562950257,0.0002161378635,0.001622995303,0.00712163941
163,,-4.157,41.343,2667609.009,6.426122175,0.1978753094,0.298726574,0.0009453345544,0.7083524249,-0.3955182927,0.01177060391,1009,-0.3954465431,-6.951126849e-05,0.003911918336,0.008080624064
164,,8.271,41.397,2671093.296,6.426689057,0.05716325283,0.3001086495,0.05102023335,0.1886245049,1.381752877,0.01408261031,1089,1.381745227,1.342516065e-05,0.007019022318,0.007214719178
165,,13.739,41.402,2671415.915,6.426741509,0.1779546056,0.3000150215,0.01110556988,0.2844575396,1.352400607,0.0248625371,1017,1.351869648,0.0005562874488,0.01768484463,0.007273133663
166,,-2.446,41.403,2671480.439,6.426751999,0.05009607003,0.3000741014,0.01952478612,0.2179782693,-0.1239658771,0.008314986224,1105,-0.1240655195,0.000101184297,0.001461570418,0.006983209353
167,,9.803,41.46,2675158.298,6.427349486,0.09076452788,0.2977398987,0.02981300864,0.4190366344,1.347308136,0.01539769291,962,1.347226854,8.861179572e-05,0.008575037222,0.006949198414
168,,4.742,41.471,2675868.06,6.427464696,0.05619211175,0.2989740816,0.02806065151,0.3129420258,0.8109041024,0.009738412679,1034,0.8109977995,-9.22540286e-05,0.002600512902,0.00727620772
169,,6.319,41.51,2678384.49,6.427872921,0.06004291028,0.3010585574,0.02808220136,0.25078306,0.899320674,0.01055316291,1073,0.8994584175,-0.000136586561,0.003538936765,0.007162737587
170,,7.624,41.538,2680191.157,6.42816577,0.05516382801,0.2996788913,0.009256793925,0.214000784,0.9129002317,0.01186392873,1037,0.9130743309,-0.0001730059338,0.005597219679,0.006393930909
171,,7.639,41.698,2690514.971,6.429835413,0.1275325887,0.2999026264,0.008204866138,0.242885554,0.8790822201,0.01217276418,1034,0.8790388138,4.013740606e-05,0.004869201985,0.007486749691
172,,-1.39,41.853,2700516.166,6.431446781,0.1517039354,0.2995817118,0.009073753537,0.4121843217,-0.0482513726,0.009860779509,1006,-0.0483135526,6.099145534e-05,0.002198715223,0.007877364329
173,,6.655,41.987,2709162.36,6.432835033,0.1256844194,0.298460858,0.03602014756,0.3434588027,1.02007112,0.01274487611,1007,1.019923505,0.0001483812974,0.005196130043,0.007719635901
174,,3.466,42.039,2712517.599,6.433372565,0.1169922992,0.3002101361,0.01881694191,0.2181347069,0.5323971007,0.009919698216,1069,0.5323791754,1.468473005e-05,0.002415006321,0.007704745588
175,,2.987,42.081,2715227.601,6.43380624,0.1251144561,0.2941805754,0.05193370047,0.4783594575,0.9062007884,0.01179139537,931,0.9059362374,0.0002666140521,0.004027744067,0.0079112992
176,,11.667,42.237,2725293.319,6.435413252,0.1501664525,0.2994006306,0.0003513700702,0,1.177867681,0.01691399842,1018,1.17758877,0.000284333913,0.009894557802,0.007167959567
177,,11.823,42.265,2727099.987,6.435701061,0.1906301198,0.3001746175,0.007617098419,0.1789411645,1.192275335,0.02023385275,1029,1.191842253,0.0004464689714,0.01279303011,0.00757200763
178,,7.66,42.305,2729680.94,6.436111887,0.1259802762,0.3006453253,0.05554588469,0.2699697818,1.371154925,0.01627061536,1031,1.370810992,0.0003563092067,0.008606510538,0.007815420114
179,,1.874,42.34,2731939.275,6.436471042,0.1002232097,0.2997145283,0.005926749406,0.1585575708,0.2542223146,0.008875323663,1043,0.254254802,-3.410087019e-05,0.001449793553,0.007613264303
180,,-2.735,42.444,2738649.754,6.437536494,0.1889258718,0.3010134345,0.02305958393,0.2746254242,-0.05645044287,0.01088583357,1025,-0.05654720087,9.933090704e-05,0.00312309831,0.007998140712
181,,-3.927,42.531,2744263.327,6.438425782,0.07489849471,0.2994392795,0.01499339824,0.3471207412,-0.3007593737,0.008813429874,1014,-0.3009041921,0.0001471043524,0.001779782512,0.007189307508
182,,2.276,42.675,2753554.76,6.439893718,0.08977097183,0.3003440589,0.0329239651,0.2103886822,0.5078658375,0.009260376545,1104,0.5078356391,2.975044765e-05,0.001872780291,0.007574881822
183,,13.708,42.847,2764652.86,6.441640607,0.0777062887,0.2997030345,0.006182969295,0.1998888141,1.411534903,0.02485081104,1058,1.411234119,0.0003174943593,0.0197958096,0.005142618324
184,,2.968,42.852,2764975.479,6.441691284,0.1566337576,0.2964094152,0.04086754615,0.4905823812,0.7634473597,0.01198129542,946,0.7631833195,0.0002621202073,0.004154136453,0.007988333819
185,,8.519,42.907,2768524.29,6.442248338,0.1915162948,0.299754476,0.03115618248,0.3141963037,1.091536534,0.01756896736,1006,1.091149386,0.0003972865741,0.009771618218,0.007943411233
186,,-2.484,42.943,2770847.148,6.442612569,0.1850176237,0.2986152961,0.0240458618,0.4229909925,-0.02465744529,0.01078756198,986,-0.0247817824,0.0001234185491,0.003042616829,0.007971563877
187,,8.798,42.977,2773040.959,6.442956284,0.1133324181,0.2993783885,0.01080604816,0.4061141554,1.035370591,0.01302837744,1002,1.035322517,4.731438067e-05,0.005988771624,0.007200935912
188,,1.079,43.007,2774976.674,6.443259337,0.1225672528,0.3007994752,0.02713369588,0.1550589695,0.3515319241,0.009592409971,1114,0.3514702987,6.064222694e-05,0.002104582708,0.007703397775
189,,6.024,43.071,2779106.2,6.443905143,0.08919723467,0.2922214249,0.06780610623,0.5306140234,1.39917545,0.0149138906,887,1.398961509,0.0002355716489,0.00732748971,0.007684124934
190,,6.628,43.155,2784526.202,6.444751309,0.05950928241,0.2974002142,0.037953868,0.380309559,1.054270722,0.01131232383,977,1.054373164,-9.909864131e-05,0.004362168361,0.007083019053
191,,8.874,43.169,2785429.536,6.444892176,0.1367321738,0.2997333829,0.004982561302,0.5618304002,0.9861474835,0.01332717032,1007,0.9860419276,0.0001037366678,0.006120296989,0.007375825455
192,,2.151,43.22,2788720.251,6.44540495,0.0881454304,0.2996940075,0.002759473322,0.3848770908,0.261986607,0.008632889314,1027,0.2620390649,-5.375128239e-05,0.001299273718,0.007505415566
193,,6.75,43.23,2789365.49,6.445505423,0.05369052584,0.3012111225,0.04361371428,0.279176016,1.065416476,0.01128191056,1045,1.065534434,-0.0001143386057,0.00428473988,0.007139731402
194,,8.905,43.327,2795624.302,6.446478807,0.1077122192,0.2978634113,0.04169553006,0.6541218619,1.435623503,0.01664495068,896,1.435431098,0.0002130083071,0.009434636976,0.007305805988
195,,4.923,43.485,2805819.068,6.448059662,0.1668740319,0.2988966524,0.0006281964071,0.7073518947,0.5136650305,0.01114544225,1018,0.5136181509,4.209690134e-05,0.003521072195,0.007833480656
196,,3.595,43.495,2806464.307,6.448159523,0.1414486997,0.2995939763,0.001728412239,0.1630137596,0.3987973249,0.01007013243,1017,0.3988060203,-1.259959735e-05,0.002535538394,0.007743293253
197,,10.071,43.501,2806851.45,6.448219429,0.1358100107,0.2964573931,0.04449413869,0.5235908983,1.475861089,0.0193875257,927,1.475544419,0.000343309963,0.0119562931,0.007526520932
198,,0.582,43.561,2810722.88,6.448818029,0.05423307924,0.2997531875,0.01309221185,0.2501224975,0.1995615887,0.007911150865,1037,0.1995512204,1.145626127e-05,0.0006821854372,0.007366213557
199,,-3.431,43.562,2810787.404,6.448827999,0.159853098,0.3002486365,0.01625207433,0.2700172354,-0.2104425579,0.01021379418,1025,-0.2105068869,6.816153401e-05,0.002641296252,0.00779636366
200,,9.308,43.575,2811626.214,6.448957584,0.1607059011,0.2975756971,0.03197445841,0.4703293393,1.263610094,0.01724473688,960,1.263291626,0.0003330787137,0.009652886033,0.00771447112
201,,5.932,43.597,2813045.738,6.449176794,0.1819055866,0.3018839116,0.01974104172,0.1540821661,0.8098930902,0.01343063466,1063,0.8096799898,0.0002125814746,0.005702531823,0.007929895931
202,,7.882,43.61,2813884.548,6.449306275,0.1013601895,0.3007790726,0.02768324465,0.2655157618,1.067586627,0.01253612254,1044,1.067551282,3.47198821e-05,0.005355763289,0.007351374225
203,,-1.764,43.677,2818207.645,6.449972989,0.1917136509,0.2996414352,0.002500377284,0.385746346,-0.1496569506,0.01087422832,1011,-0.1496513564,-3.735906698e-06,0.003081424434,0.008023152538
204,,13.408,43.705,2820014.313,6.450251313,0.1003999537,0.2993705276,0.01384342556,0.3799690069,1.464741761,0.02127413654,1003,1.46444614,0.0003117607948,0.01522901995,0.006149583353
205,,-1.525,43.786,2825240.743,6.451055461,0.1151651231,0.2914384904,0.06023556093,0.3848526978,0.496649452,0.01005484838,972,0.4963307877,0.0003152431914,0.002606682982,0.007623096993
206,,7.729,43.868,2830531.698,6.451868023,0.1413027059,0.2989835889,0.0004515994031,0,0.8174791127,0.0121443497,1019,0.8174236931,5.1083702e-05,0.004854528993,0.007476210253
207,,10.067,43.911,2833306.223,6.452293516,0.1132032728,0.2921240992,0.06032240491,0.4717371469,1.619724738,0.02077069438,925,1.619425788,0.0003333529458,0.01340901253,0.007445011308
208,,1.079,43.958,2836338.843,6.452758113,0.1200562391,0.3007052202,0.05050014363,0.2531992746,0.665038523,0.01050114348,1038,0.66480507,0.0002301822341,0.002984042453,0.007711014432
209,,10.071,43.97,2837113.129,6.452876654,0.1781903242,0.2998646353,3.431926697e-05,0,0.9945942977,0.01533924566,1010,0.9943513483,0.0002443697399,0.007929546879,0.007577822404
210,,12.32,44.068,2843436.466,6.453843529,0.1006245504,0.3004996498,0.04212571716,0.2955583489,1.576065116,0.02033040474,1023,1.575803631,0.000279097286,0.0135803851,0.006869891738
211,,-4.876,44.227,2853695.756,6.455407669,0.1725150367,0.2984314511,0.0256303848,0.5102268294,-0.2270799671,0.01084995216,963,-0.2271975878,0.0001120273646,0.003292688121,0.00777570561
212,,10.298,44.354,2861890.283,6.45665298,0.07840366597,0.2992005592,0.02359333913,0.6949548723,1.395471078,0.01694582766,915,1.395375024,0.0001077246023,0.01078124437,0.006264020929
213,,5.273,44.453,2868278.143,6.457621263,0.1147690174,0.2997843351,0.008768840926,0.1855375505,0.6436861768,0.01028691799,1052,0.6437135908,-3.152224331e-05,0.002971288249,0.007508065337
214,,5.14,44.616,2878795.528,6.459210819,0.1048878633,0.2997357943,0.006225619224,0.2494414623,0.6092924521,0.009931979888,1033,0.6093503049,-6.157910205e-05,0.002688261958,0.007427284271
215,,-2.059,44.638,2880215.053,6.459424916,0.1740033932,0.300709014,0.01785191164,0.2272009323,-0.03935064609,0.01033107177,1046,-0.03942706298,7.907701025e-05,0.002677435359,0.007887633722
216,,-4.881,44.662,2881763.625,6.459658355,0.07201076686,0.2996885301,3.163437064e-05,0,-0.5336296648,0.009191941096,1029,-0.5337678959,0.0001400676441,0.002242419544,0.007103040821
217,,7.253,44.727,2885957.674,6.460289957,0.07813539551,0.2999364099,0.02329469779,0.1678215607,0.9621542671,0.01131743909,1147,0.9622276666,-7.480963718e-05,0.004334732325,0.007155059782
218,,5.956,44.72,2885506.007,6.460221983,0.1902354749,0.2991876852,0.0006252102457,0.7090071696,0.5949064802,0.01224438306,1011,0.5947943847,0.0001082868748,0.004555337167,0.007895326051
219,,13.681,44.775,2889054.819,6.460755782,0.159803463,0.2988125293,0.0006125096317,0.7075994839,1.327094311,0.02113076757,1019,1.326641891,0.0004685081572,0.01430966769,0.006938837509
220,,-0.985,44.846,2893636.011,6.461443901,0.05098529517,0.2992298358,5.049679372e-05,0,-0.1076548074,0.007767978753,1032,-0.1077020428,4.743088793e-05,0.000609051019,0.007288940048
221,,13.36,44.858,2894410.297,6.461560095,0.1060274234,0.299832477,0.0119657093,0.1605384786,1.447233454,0.02048660624,1067,1.446922207,0.0003235957628,0.01427973235,0.006333348361
222,,-1.175,44.89,2896475.06,6.461869793,0.1357093019,0.2988977041,0.01949424115,0.3783623866,0.05483429649,0.00941502243,1001,0.05473031151,0.0001036393166,0.00191497245,0.007707879191
223,,3.443,44.949,2900281.966,6.462440222,0.1998533157,0.2996990272,0.004166443717,0.3071564561,0.3719498574,0.01156781952,1010,0.3718636945,8.310919178e-05,0.003769467995,0.00802101426
224,,5.582,44.995,2903250.063,6.462884444,0.1659661806,0.2996497986,0.006667361019,0.3769861089,0.6363909959,0.01158174404,1013,0.6363035656,8.34800921e-05,0.003992902802,0.007790007123
225,,-0.217,45.003,2903766.253,6.462961654,0.06601805022,0.3009429115,0.03361524005,0.2708662444,0.2407296273,0.0082624588,1048,0.2406554428,7.668819638e-05,0.001113713324,0.007303858162
226,,11.975,45.011,2904282.444,6.46303885,0.1589074987,0.2977756785,0.02931395453,0.4453233439,1.445914449,0.02177300865,969,1.445499189,0.0004418483575,0.0144798663,0.007390256287
227,,3.337,45.028,2905379.349,6.463202845,0.08597871656,0.2998603187,0.02073932268,0.2188179105,0.5860636107,0.00925500834,1045,0.5860766757,-1.54236532e-05,0.001947916738,0.007480102107
228,,0.002,45.059,2907379.588,6.463501737,0.08460473084,0.2975930848,0.04282547988,0.6397755636,0.5848791562,0.009352885176,880,0.584648356,0.0002300771342,0.001898144068,0.007586594724
229,,1.73,45.083,2908928.16,6.463732996,0.105519166,0.3011546921,0.06200924533,0.2182441875,0.8472555616,0.01106326767,1055,0.8470176118,0.0002375319932,0.003665829383,0.007588379594
230,,3.827,45.238,2918929.355,6.465223584,0.157379887,0.2996003791,0.002398539209,0.4850259916,0.4263872949,0.01047208395,1017,0.4263626149,1.995197557e-05,0.002900942825,0.00778138961
231,,11.624,45.261,2920413.404,6.465444333,0.07019801849,0.2898553988,0.06680047057,0.4348492596,1.800349874,0.02373894766,926,1.800217117,0.0001724820102,0.01731536556,0.006487481489
232,,8.408,45.331,2924930.072,6.466115488,0.06642621747,0.2996850664,0.007187309204,0.2468385505,0.9582142625,0.01221613039,1048,0.9583343601,-0.000119706458,0.005941486103,0.006413605138
233,,5.098,45.395,2929059.598,6.466728208,0.06033749696,0.2994683974,0.01321107845,0.3790354669,0.6756541854,0.009377365367,996,0.6757972926,-0.0001427228772,0.002485635435,0.007029124831
234,,6.785,45.576,2940738.412,6.468456394,0.1132357001,0.2964020303,0.05411583923,0.6180679614,1.351263888,0.01551653468,887,1.351031572,0.0002536802999,0.007987842723,0.007625615622
235,,6.131,45.597,2942093.413,6.468656458,0.1038797271,0.3001376877,0.02118680427,0.159468105,0.8368763289,0.01096762042,1111,0.8368781534,-5.01639561e-06,0.00373534685,0.007422622045
236,,4.925,45.619,2943512.937,6.468865949,0.1170289206,0.2991933915,0.0002750807124,0,0.5361350005,0.009913780624,1024,0.5361848548,-5.418722624e-05,0.002639723308,0.007464194243
237,,-1.925,45.701,2948803.892,6.469645891,0.122859905,0.2994080599,0.007764344295,0.3853404683,-0.1355646494,0.009129883269,1012,-0.1356269846,6.404119132e-05,0.001715339692,0.007614801821
238,,0.03,45.931,2963644.375,6.471826089,0.1471290558,0.2959876739,0.0420380298,0.3969048396,0.4012238855,0.01023769115,978,0.4010032187,0.0002181261351,0.002657193738,0.007781025269
239,,13.774,46.008,2968612.71,6.472553543,0.1865079895,0.2995843141,0.0003863104414,0,1.27442773,0.02257114366,1011,1.273923884,0.0005224789048,0.01548329813,0.007197729815
240,,1.4,46.058,2971838.902,6.473025263,0.1783075001,0.3001002696,0.01637291767,0.2945613321,0.2919636946,0.01065855558,1017,0.2918614395,9.996824431e-05,0.002961511338,0.007921516725
241,,10.548,46.058,2971838.902,6.473025263,0.08079710353,0.2990010522,0.02331187216,0.3406710891,1.303437109,0.01538084092,1008,1.303412463,2.92241994e-05,0.009020030806,0.006494287894
242,,-0.095,46,2968096.519,6.47247802,0.1656662143,0.3001861043,0.01753761014,0.2922550884,0.1991121695,0.01017329131,1019,0.1989996755,0.0001091257379,0.00254335962,0.007854153672
243,,8.316,46.138,2977000.809,6.473778953,0.07130539734,0.299144402,0.01762101657,0.3820043832,1.051006173,0.01227540868,996,1.051097912,-9.063007184e-05,0.00575679667,0.006655720187
244,,6.813,46.142,2977258.904,6.473816603,0.1650495532,0.2997078906,0.002144375641,0.1861091414,0.7225889622,0.01207259349,1019,0.7224991987,8.570864426e-05,0.004598289756,0.007672935136
245,,14.283,46.153,2977968.666,6.473920124,0.1736514922,0.2996868551,0.0002632863714,0,1.335585091,0.02327480662,1013,1.335065889,0.0005399247242,0.01639148306,0.006987970588
246,,9.78,46.246,2983969.383,6.474794363,0.1771808875,0.3004780273,0.02990609276,0.3207813006,1.275573452,0.01884860274,1014,1.275168396,0.000420762217,0.01125734485,0.007721102539
247,,0.678,46.264,2985130.812,6.474963367,0.1983559985,0.2977804342,0.03251594784,0.4041411258,0.3631800647,0.01157695742,981,0.3629563985,0.0002210693228,0.003762031625,0.008028615817
248,,3.538,46.385,2992938.197,6.476097749,0.1915748509,0.301449917,0.03356173726,0.3181885782,0.7484015122,0.01316376488,1020,0.7480950904,0.0003053545208,0.005325190688,0.008026870368
249,,7.986,46.407,2994357.721,6.476303682,0.07516514033,0.2998071605,0.0213057607,0.1638049911,1.022565308,0.01178633418,1151,1.022648587,-8.437133171e-05,0.00498983572,0.006963119236
250,,2.614,46.459,2997712.961,6.476790046,0.1310040156,0.2997599587,8.063867332e-05,0,0.2821371815,0.009446503328,1022,0.2821639181,-2.980744126e-05,0.00201583975,0.007635031897
251,,1.046,46.469,2998358.199,6.476883515,0.06604837634,0.2997467156,0.0174361501,0.1972998405,0.2964586546,0.008152512979,1052,0.296450087,8.751790996e-06,0.0009544105015,0.007352489555
252,,6.539,46.586,3005907.488,6.47797561,0.1042057091,0.2989974965,0.03883600787,0.3173206941,1.03070212,0.0119206012,1021,1.03062388,7.827585183e-05,0.00460582952,0.007485867533
253,,1.675,46.693,3012811.539,6.478971966,0.1916644377,0.2932849507,0.05412912173,0.3909027197,0.7381861391,0.01345299826,990,0.7377766355,0.0004099154094,0.005569848048,0.008050742089
254,,14.504,46.842,3022425.59,6.480355618,0.1481345414,0.3009564625,0.03078568778,0.2044074488,1.583877545,0.02965920671,1085,1.583283685,0.0006311050612,0.02286544148,0.006874766831
255,,12.697,46.92,3027458.45,6.481078191,0.1344545569,0.2994722621,0.01393816281,0.3839486153,1.390481164,0.0193109593,1003,1.390154032,0.0003414313679,0.01256398766,0.006868607006
256,,11.591,46.935,3028426.307,6.48121701,0.06643958491,0.2950003571,0.05739565535,0.5730298056,1.754299628,0.02452226906,865,1.754186488,0.0001550683059,0.01862915528,0.005937153668
257,,-0.17,47.008,3033136.547,6.481891962,0.1190613007,0.2993990749,0.0002312433388,0,-0.01560383378,0.008907925241,1021,-0.01560819808,4.34741143e-06,0.001510671778,0.007597252083
258,,-4.369,47.017,3033717.262,6.481975103,0.06422408408,0.2969691395,0.04809549431,0.6298100283,0.1772338689,0.00886158036,858,0.176883599,0.0003512913017,0.001936985504,0.007043358344
259,,4.316,47.087,3038233.931,6.48262121,0.07922592021,0.2966503551,0.03593982229,0.3971903635,0.8683291322,0.01008250275,968,0.8683009023,2.771253913e-05,0.00282234647,0.007410172523
260,,14.314,47.093,3038621.074,6.482676545,0.08114547321,0.2996812081,0.02194567989,0.2990454214,1.575989228,0.02546687513,1023,1.57569319,0.0003192178017,0.02008046834,0.00546722128
261,,2.758,47.094,3038685.597,6.482685767,0.08179720659,0.2925008727,0.06465171823,0.3379335898,0.9881739858,0.01079535292,1003,0.9879594648,0.0002168171618,0.003350719455,0.007601989957
262,,9.12,47.129,3040943.932,6.483008413,0.1845926727,0.2994055914,0.01272487154,0.4324547813,1.029444478,0.01550501797,996,1.029170116,0.0002779819279,0.007959596428,0.007700009836
263,,0.731,47.131,3041072.979,6.483026842,0.1110638056,0.2992795223,0.01858901489,0.3778640658,0.2522615687,0.008928523109,999,0.2521992413,6.089123505e-05,0.001550190354,0.007568068084
264,,11.355,47.159,3042879.647,6.483284775,0.1785636003,0.3000484625,0.006336779351,0.1631146969,1.174234683,0.01791238394,1027,1.173881033,0.0003618733284,0.01064380401,0.007414709212
265,,-4.934,47.196,3045267.029,6.48362538,0.1651174056,0.299353964,0.01693290155,0.3895308626,-0.3512568874,0.01061554767,999,-0.3513045894,5.124460573e-05,0.003163285595,0.007670303768
266,,-2.087,47.299,3051912.984,6.484572147,0.1587302001,0.3000565962,0.03128285178,0.324233147,0.1247565616,0.01003714868,1012,0.1245686304,0.0001833500826,0.002532390999,0.007724965005
267,,1.084,47.483,3063785.37,6.486258338,0.08156814863,0.2993174398,0.01227018861,0.3638201479,0.2295264853,0.008305697766,1008,0.2295224597,3.795736149e-06,0.001065567083,0.007404931757
268,,-3.5,47.547,3067914.896,6.486843308,0.1063453981,0.2996894524,0.00748424321,0.3454645484,-0.3157475242,0.009045439964,1021,-0.315837621,9.314917015e-05,0.001829781572,0.007402369274
269,,6.831,47.569,3069334.42,6.48704421,0.1773437786,0.3018236975,0.04585322283,0.2936468944,1.191293403,0.01709323503,1024,1.190857627,0.0004485471932,0.009338151189,0.007903406621
270,,10.87,47.622,3072754.184,6.487527819,0.103539735,0.2998266305,0.0100439981,0.1786261154,1.22223914,0.01517581418,1062,1.222132162,0.0001085514325,0.008639646597,0.006692149481
271,,2.877,47.704,3078045.138,6.488274984,0.1562462706,0.2993023106,0.01189015508,0.3828664814,0.4128143916,0.01027214275,1006,0.4127508869,5.933175823e-05,0.002723046547,0.007759573427
272,,12.055,47.759,3081593.949,6.488775413,0.06840568952,0.2915963102,0.05916875165,0.3902377195,1.774111583,0.02294811082,958,1.773995137,0.0001487574052,0.0167815512,0.006241975965
273,,3.639,47.789,3083529.664,6.489048131,0.1601715841,0.2958124749,0.04459683298,0.414385253,0.8049535417,0.01220259507,971,0.8046843426,0.0002691031306,0.004507818106,0.007869232241
274,,-0.212,47.904,3090949.906,6.490091967,0.1574488466,0.2996505524,0.003886015074,0.411186684,0.01501029714,0.009739423064,1016,0.01498840604,2.182285401e-05,0.002196927858,0.007762041593
275,,-3.26,48.167,3107919.675,6.492469786,0.07026180061,0.2993207508,8.837321411e-05,0,-0.3572827445,0.008409803329,1029,-0.3573951126,0.0001138368409,0.001375990012,0.00718736694
276,,0.541,48.214,3110952.295,6.492893351,0.151888498,0.2981701151,0.03596701184,0.3550816666,0.3836688549,0.01017436378,1000,0.3834868415,0.0001797079815,0.002635916789,0.007748216289
277,,10.709,48.233,3112178.248,6.493064463,0.1355180705,0.2991475339,0.000369360635,0,1.113189006,0.01487401581,1021,1.113016256,0.0001736579893,0.008037153832,0.006997047934
278,,8.144,48.541,3132051.59,6.495828907,0.1044161759,0.2983436807,0.03348234363,0.6183199045,1.279594151,0.01397474025,914,1.279474991,0.0001269218031,0.006894585547,0.007201127995
279,,4.703,48.556,3133019.448,6.495963091,0.1819443152,0.2997767362,0.02149185674,0.3541325646,0.7128277983,0.01229064879,1012,0.7126179152,0.0002059938716,0.004604400365,0.00787817114
280,,2.122,48.581,3134632.544,6.496186638,0.164064816,0.2955832217,0.04438901721,0.4125271076,0.6453760971,0.0114603331,971,0.6451119971,0.0002619598679,0.003794842974,0.007853580382
281,,3.52,48.621,3137213.497,6.496544075,0.1929929411,0.2989728701,0.02273052417,0.6775180036,0.6095254151,0.01220470568,965,0.6093116048,0.0002065729015,0.004430645573,0.007946810639
282,,-3.265,48.774,3147085.644,6.497908562,0.1073063805,0.2997110835,0.004811086653,0.3649132121,-0.3126768732,0.008986792476,1021,-0.3127557571,8.185975504e-05,0.001769807366,0.007404627704
283,,4.534,48.806,3149150.407,6.498193404,0.1682355648,0.2999937334,0.0062304002,0.158896535,0.5383123065,0.01105895469,1030,0.5382448049,6.344108676e-05,0.003535995611,0.00773756823
284,,9.17,48.984,3160635.65,6.499774434,0.07955520766,0.2997445479,0.001981734916,0.3113492831,0.9978067329,0.01283270699,1026,0.997855614,-4.906852376e-05,0.006594157101,0.006383712816
285,,7.352,48.999,3161603.508,6.499907405,0.07824018536,0.2972835061,0.04183848063,0.5847615098,1.29936168,0.01330323007,886,1.299317131,5.357383057e-05,0.006380474571,0.007033243464
286,,12.209,49.078,3166700.891,6.500607044,0.1370503804,0.2970868384,0.0413685896,0.5416006301,1.608646291,0.02333494247,928,1.608260363,0.0004227122468,0.01628270792,0.007129098851
287,,14.068,49.099,3168055.891,6.500792835,0.1198047495,0.3013929665,0.02974467137,0.2527236907,1.6042168,0.02411255843,1053,1.603795369,0.0004467902405,0.01760695874,0.006607948284
288,,7.466,49.136,3170443.273,6.501119987,0.1701908862,0.2991555113,0.02326828261,0.7100215196,1.050462912,0.01437135277,961,1.050214442,0.0002524665745,0.006818093783,0.007693442419
289,,-0.213,49.168,3172508.036,6.501402731,0.1028831354,0.2994148399,0.01739893872,0.3473253229,0.1311514317,0.008597153682,1010,0.1310825247,6.876094056e-05,0.001322846164,0.00746017626
290,,3.676,49.175,3172959.703,6.501464557,0.1774752468,0.2985233208,0.02569410047,0.5230828981,0.6569268734,0.01178049793,963,0.6567219616,0.0001994056405,0.004089884338,0.007869064453
291,,9.718,49.328,3182831.85,6.502813695,0.1974895378,0.2981589677,0.0289682895,0.5250713664,1.208485671,0.01960879058,958,1.208077333,0.0004275146185,0.01196798576,0.007751052277
292,,-2.217,49.469,3191929.711,6.504053319,0.1295116714,0.2966469111,0.04273564721,0.5171854477,0.2634681453,0.009608969934,930,0.2631977492,0.0002631493621,0.002229278348,0.007556384263
293,,10.888,49.549,3197091.618,6.504755082,0.1878597271,0.29880953,0.0008161178565,0.7077154352,1.063690686,0.01647536805,1015,1.063382653,0.0003123957332,0.009173232499,0.007457349739
294,,10.824,49.633,3202511.621,6.505490714,0.1287148417,0.2998004439,0.007613278383,0.3159104577,1.187365427,0.01518786085,1020,1.187193656,0.000174102296,0.008385860361,0.006957776714
295,,2.965,49.676,3205286.146,6.505866806,0.1540198328,0.2995949428,0.009710017579,0.3037178321,0.4222136517,0.01016736393,1014,0.4221565192,5.188636357e-05,0.002681707622,0.007697700681
296,,1.946,49.766,3211093.291,6.506652923,0.07238820666,0.2997746835,0.02114141589,0.1665176045,0.3746524845,0.008345401414,1151,0.3746819346,-2.924953997e-05,0.001222391807,0.007293303991
297,,-2.893,49.984,3225159.487,6.508551196,0.1096520582,0.2933250005,0.06304045098,0.5352812688,0.443464759,0.009875092072,896,0.4430883434,0.0003740773079,0.002594883289,0.007429817912
298,,3.666,50.02,3227482.346,6.508863875,0.1853528013,0.2994368089,0.001548656057,0.653272166,0.3846823444,0.01094616567,1015,0.3846258983,5.199986337e-05,0.003351517299,0.007813183282
299,,2.882,50.061,3230127.823,6.509219709,0.1235492496,0.299533491,0.001846431737,0.3810795653,0.3292992348,0.009253587444,1025,0.329328972,-3.299049897e-05,0.001947742704,0.007505148788
300,,-4.416,50.077,3231160.204,6.509358491,0.05159089992,0.2998320977,0.02808703018,0.2033926426,-0.2829460508,0.04594857742,1139,-0.2831173957,0.0001762672714,0.04270684959,0.003291778408
301,,5.376,50.109,3233224.967,6.509635924,0.1775825255,0.2999099682,0.005567820973,0.1860038685,0.6073548023,0.01161184351,1023,0.6072566879,9.386793386e-05,0.004093922555,0.007729015979
302,,-3.017,50.118,3233805.682,6.50971392,0.08246434681,0.2967530201,0.04677502091,0.5996692944,0.2831199117,0.008832472091,880,0.2828052233,0.000312872003,0.001708788606,0.007261763559
303,,7.207,50.206,3239483.779,6.51047581,0.1142150555,0.2984950183,0.02975379846,0.5788717253,1.130790463,0.01269712953,931,1.130678624,0.0001137807218,0.005498352896,0.00733848807
304,,6.348,50.26,3242968.067,6.510942672,0.06806423457,0.299643328,0.006369986212,0.2811808943,0.7576785257,0.009996667007,1028,0.7578202046,-0.0001428635753,0.003366504029,0.006777126053
305,,9.252,50.378,3250581.879,6.51196111,0.1944465826,0.2994921558,0.02222755969,0.3336822585,1.086369512,0.01706407323,1012,1.086020413,0.0003573280341,0.009499431958,0.007711419528
306,,7.5,50.441,3254646.881,6.512503876,0.157316684,0.2994890804,0.0003401131439,0,0.7825143028,0.01205317193,1017,0.7824348336,7.49327215e-05,0.004776474768,0.007468608902
307,,6.748,50.53,3260389.503,6.513269486,0.1858813198,0.2998698856,0.000952256736,0.3933078872,0.6845131702,0.01234582294,1010,0.68439049,0.000118753434,0.004848459569,0.007698853606
308,,1.706,50.657,3268584.03,6.514359654,0.192925579,0.2967814454,0.04486370461,0.5811948527,0.6531341974,0.01284861961,930,0.6528052765,0.0003269264359,0.005047607038,0.007952351742
309,,5.274,50.778,3276391.414,6.515395779,0.06832209886,0.2995744864,5.198914479e-05,0,0.5777586417,0.009168741177,1029,0.5779082568,-0.0001508650772,0.002445407347,0.006872035973
310,,7.718,50.797,3277617.367,6.515558252,0.1051635008,0.2988219103,0.02003977044,0.5133880499,1.062154867,0.01216725655,958,1.062115351,3.85760419e-05,0.005186589697,0.007130889132
311,,-3.601,50.809,3278391.653,6.515660835,0.0975537209,0.3005003959,0.02006474428,0.2425835556,-0.2320763621,0.008797980077,1057,-0.2321899225,0.000117005144,0.00181576163,0.007168092995
312,,8.157,50.859,3281617.845,6.516088005,0.1446502332,0.2983058746,0.03604251047,0.6811234184,1.284150607,0.0157858565,924,1.283890891,0.0002748736968,0.008387365827,0.00751163371
313,,3.625,50.93,3286199.038,6.516693864,0.1815833819,0.3019260033,0.04474012794,0.2986738151,0.8843649551,0.01356429758,1018,0.8840044748,0.0003617952856,0.005852159149,0.007892673449
314,,3.578,51.025,3292328.802,6.517503201,0.1307538714,0.3000073474,0.03191492973,0.2838509967,0.7367640828,0.01063669185,1026,0.7366175455,0.0001415402651,0.003214790068,0.007612959582
315,,-1.078,51.046,3293683.803,6.517681904,0.1086805205,0.3000203971,0.02054553095,0.1866012307,0.05206472669,0.008664549766,1101,0.05199271369,7.338273242e-05,0.001479406662,0.007387381369
316,,7.597,51.101,3297232.614,6.518149587,0.1485042382,0.299810236,0.002802527103,0.1547429988,0.8241276932,0.01202584557,1019,0.8240572612,6.595354885e-05,0.004818502599,0.007398443959
317,,1.87,51.187,3302781.664,6.518879865,0.07828950309,0.2996787946,4.264601958e-05,0,0.2067475425,0.008149549351,1026,0.2068106083,-6.403611247e-05,0.001056592936,0.007256745471
318,,-0.181,51.199,3303555.95,6.518981667,0.1576069605,0.2996188986,0.0134372858,0.3193928937,0.1303429707,0.009704159067,1013,0.1302594204,8.045687404e-05,0.002239079506,0.007687093622
319,,0.288,51.251,3306911.189,6.519422532,0.1217070301,0.3003570307,0.03247755489,0.288348959,0.3086892196,0.009198360895,1025,0.3085691963,0.0001190676726,0.001898119451,0.007504027762
320,,6.583,51.383,3315428.336,6.520539645,0.1654483817,0.2996280673,0.004796554424,0.3986913625,0.7244303937,0.0118030793,1013,0.7243370226,8.913203427e-05,0.004418148892,0.007581154143
321,,1.678,51.458,3320267.624,6.521173091,0.1358091358,0.2994873922,0.006094350574,0.3354842176,0.2348154403,0.009292575834,1022,0.2348048054,8.252137579e-06,0.001931551295,0.007569774403
322,,1.181,51.516,3324010.006,6.521662322,0.1544787783,0.2998231541,0.00225661691,0.3030645851,0.1444321428,0.009613557868,1015,0.1444248428,5.545534509e-06,0.002173523974,0.00766019578
323,,-3.382,51.554,3326461.912,6.521982555,0.08866042045,0.2997623149,0.009464050154,0.2116178887,-0.2696474022,0.008558179953,1031,-0.2697616317,0.0001161472022,0.001560568066,0.007172245824
324,,-4.307,51.929,3350658.351,6.525130147,0.1481250912,0.2963813199,0.05543485993,0.6272191706,0.2190165085,0.01064177507,900,0.2186616952,0.0003453908386,0.003290694384,0.007509898831
325,,8.365,51.977,3353755.495,6.525531397,0.05276714551,0.2998023899,0.01913545677,0.2035340241,1.038662147,0.01199677174,1121,1.038855962,-0.0001924652066,0.005861406267,0.006271009142
326,,-2.731,52.096,3361433.832,6.526524567,0.197381753,0.3016887663,0.02207742895,0.2450206224,-0.04994937659,0.01072933366,1036,-0.05003437345,8.829810818e-05,0.003159209134,0.007810802015
327,,9.929,52.098,3361562.88,6.526541239,0.1943593592,0.2999025255,0.003340887767,0.367479339,0.9966531671,0.01566674083,1011,0.996374447,0.0002812799011,0.008280450758,0.007549332637
328,,-1.473,52.195,3367821.692,6.52734909,0.1368319674,0.2969266215,0.0325254509,0.40115298,0.2023745022,0.009414348826,980,0.202178451,0.0001900386446,0.002078408645,0.007536014785
329,,4.27,52.303,3374790.266,6.528246788,0.1325504106,0.2996269643,0.009376940467,0.3989953664,0.5483290873,0.009966394491,1007,0.5483139696,1.034908652e-05,0.002677550738,0.007485282645
330,,3.314,52.403,3381242.65,6.529076338,0.1050944681,0.300355812,0.03708152558,0.2903065233,0.6717969586,0.009766559505,1025,0.6717216142,7.355612403e-05,0.002509114116,0.00744444643
331,,-0.806,52.404,3381307.174,6.529084626,0.1584287052,0.2991843072,0.000466157062,0,-0.07961472403,0.009630184396,1015,-0.07961857604,4.6117786e-06,0.002195451536,0.007657075923
332,,12.114,52.518,3388662.891,6.530028367,0.05676243988,0.2996382773,0.01332040827,0.3168883293,1.324694161,0.02374655869,1028,1.324619557,8.787992395e-05,0.01925264263,0.004570224024
333,,2.212,52.526,3389179.082,6.530094517,0.1020486504,0.295412955,0.04424219094,0.3978590507,0.7352652538,0.009820627362,968,0.7350987755,0.0001634784641,0.002495843759,0.007490218078
334,,2.304,52.611,3394663.608,6.530796745,0.08298214709,0.299735591,0.01461363621,0.3067513636,0.375536962,0.008425721936,1030,0.3755660312,-2.999268709e-05,0.001315712195,0.007279382521
335,,11.53,52.676,3398857.658,6.531332977,0.1495372368,0.2995695924,0.003693558844,0.2748759212,1.200876162,0.0162519866,1017,1.200617471,0.0002630382372,0.00939290638,0.007010642953
336,,14.522,52.817,3407955.519,6.532493918,0.1540773343,0.3007566497,0.02226181514,0.2214926954,1.53940917,0.02694895943,1060,1.538860905,0.0005796782429,0.02024908197,0.006788861305
337,,11.073,52.827,3408600.757,6.532576136,0.1083971932,0.2995703424,0.01310196504,0.3625276841,1.271097711,0.01545340756,1010,1.270963931,0.0001376435795,0.008951124598,0.006646237876
338,,-0.902,52.837,3409245.995,6.532658339,0.09830342051,0.2988864014,0.02681763148,0.328301807,0.1329348494,0.008478325607,1014,0.1328243863,0.0001112962381,0.001346333169,0.007315645838
339,,8.448,52.872,3411504.33,6.532945927,0.193562117,0.2989671868,0.02579426848,0.3400970498,1.049971579,0.01613466354,1008,1.049640376,0.0003377367945,0.008574246149,0.007713821195
340,,11.631,52.873,3411568.854,6.532954141,0.06566535781,0.300594114,0.06426397065,0.1798970944,1.79884918,0.02066919054,1088,1.798603519,0.0002639882943,0.01402778846,0.006779163992
341,,12.506,52.943,3416085.522,6.533528735,0.1002461572,0.2996877806,0.001610261414,0.5930122355,1.308282604,0.01810178652,1024,1.308056861,0.0002328979089,0.01221058885,0.006018474579
342,,-3.473,52.95,3416537.189,6.533586152,0.05738456161,0.2997142382,0.003924539401,0.1724282318,-0.3527269728,0.008173260263,1057,-0.3528638799,0.0001377394936,0.001416055819,0.006895979752
343,,0.384,53.08,3424925.288,6.534651102,0.09253910777,0.2998405969,0.01083887281,0.163120363,0.1296632351,0.008268670005,1072,0.1296518275,1.148461559e-05,0.00113524682,0.007318262628
344,,11.606,53.108,3426731.955,6.534880135,0.07094467577,0.2982472646,0.03454473517,0.6106505712,1.588443245,0.02072610643,887,1.588311216,0.0001545295943,0.01509691794,0.005702421689
345,,-0.9,53.127,3427957.908,6.535035481,0.1976211189,0.3021064485,0.02609441621,0.2249057213,0.1695473896,0.01080643865,1051,0.1694081969,0.000140327762,0.003217605353,0.007830569943
346,,-1.488,53.178,3431248.624,6.535452188,0.09500782896,0.2997331464,0.001646763363,0.331996722,-0.1494343669,0.008336513454,1027,-0.1494800564,4.704249193e-05,0.001202958904,0.007313720824
347,,3.939,53.247,3435700.769,6.536015332,0.0862668422,0.3002865358,0.05304132132,0.242605207,0.9831944423,0.0106935686,1050,0.9830510065,0.0001430327303,0.00345490624,0.007412516162
348,,13.677,53.356,3442733.867,6.536903452,0.09110633557,0.2958073205,0.04604331595,0.4934907956,1.779183214,0.02645688125,918,1.778885148,0.0003400171122,0.0204183137,0.006094721014
349,,8.797,53.361,3443056.486,6.536944148,0.1031019073,0.2972037256,0.04339323748,0.3537506776,1.305508909,0.01408664164,997,1.305389901,0.0001238247609,0.007042826639,0.00719353175
350,,0.177,53.495,3451702.68,6.53803338,0.09361640065,0.2997391072,0.005115767592,0.2994817701,0.06243601346,0.008236181985,1026,0.06242526721,1.083327626e-05,0.001095428841,0.007320355283
351,,6.273,53.509,3452606.014,6.538147023,0.07271314747,0.2997205667,1.952312602e-05,0,0.684430371,0.009750576622,1026,0.6845712844,-0.0001426633266,0.003176145864,0.006725950459
352,,1.602,53.752,3468285.307,6.540114816,0.06240798876,0.2930510444,0.06322572406,0.5127871087,0.9299257981,0.009853703813,884,0.9297210243,0.0002120660228,0.002594610293,0.007377876004
353,,-2.014,53.78,3470091.974,6.540340986,0.1189895119,0.2997004848,0.002229823387,0.2125748713,-0.2002843966,0.008841199335,1023,-0.200324178,4.234501883e-05,0.001630558893,0.007411820915
354,,-1.06,53.794,3470995.308,6.540454027,0.1870943837,0.2993753927,0.009448726713,0.352418643,-0.01973897519,0.01030389394,1012,-0.01978439212,4.58835457e-05,0.002776420875,0.00775881246
355,,5.835,53.943,3480609.36,6.541655284,0.1759103879,0.300350847,0.01435633033,0.2235281609,0.7364596183,0.01208632082,1038,0.7363109514,0.0001452762033,0.004640869061,0.007650181088
356,,3.592,53.961,3481770.789,6.541800177,0.1673743207,0.2981943346,0.03561740247,0.3550479211,0.6976548237,0.01154031917,999,0.6974375837,0.0002146774151,0.004011990629,0.007725081053
357,,-0.838,54.041,3486932.696,6.542443565,0.1909862479,0.3034925107,0.04916871862,0.2951576683,0.5005987287,0.01178528881,1024,0.500282779,0.0003127175594,0.004237768182,0.007764069711
358,,-3.96,54.044,3487126.267,6.542467673,0.1668440982,0.2965884173,0.04820761726,0.6004520323,0.1426312802,0.01067610506,918,0.1423373699,0.0002820502537,0.003281921401,0.007573848553
359,,-0.3,54.196,3496933.89,6.543687422,0.1124490907,0.2996703082,0.008807452299,0.3883446176,0.05066149244,0.008585286575,1010,0.05061864003,4.264843566e-05,0.00138233343,0.007396071495
360,,7.911,54.238,3499643.892,6.544023855,0.09901931227,0.2998639838,0.0189800245,0.1947345668,1.004202113,0.01171167195,1099,1.004211675,-1.24934011e-05,0.004854249304,0.007036080446
361,,0.253,54.352,3506999.609,6.544935717,0.1992181945,0.2994582111,0.02316735106,0.335712101,0.2362478691,0.01088576866,1009,0.2361011453,0.0001450210893,0.003291522618,0.007823952443
362,,0.507,54.354,3507128.657,6.544951698,0.06971579371,0.299674153,0.003903389641,0.2427630027,0.08636425772,0.007799841543,1039,0.08637552204,-1.11472776e-05,0.0007757077013,0.007179852062
363,,12.197,54.441,3512742.231,6.545646282,0.05321549379,0.2997043134,0.0102277717,0.1532224165,1.308703623,0.02366743864,1110,1.308652579,6.267347271e-05,0.01928566879,0.004465662193
364,,3.497,54.441,3512742.231,6.545646282,0.06563457399,0.299310718,0.0342400223,0.3132945903,0.6651875787,0.008842503166,1026,0.6652197827,-3.087940917e-05,0.001814248661,0.007180512769
365,,1.502,54.49,3515903.899,6.546036996,0.1764918721,0.3001274385,0.03692730048,0.3419786015,0.5648997349,0.01121074797,1008,0.5646405332,0.0002532995383,0.003650978366,0.007761854614
366,,6.479,54.54,3519130.091,6.546435322,0.05587921224,0.3012013982,0.03352389904,0.2250535817,0.9536422152,0.01026406289,1107,0.9537797286,-0.0001360253346,0.003512896795,0.006901148277
367,,-4.146,54.567,3520872.234,6.546650266,0.06250130539,0.2992216119,0.0233680159,0.3246999073,-0.2606667376,0.008509995615,1019,-0.2608218867,0.0001572920724,0.001987835636,0.006662676353
368,,13.044,54.588,3522227.235,6.546817371,0.1546917256,0.2987838902,0.0005868626062,0.7074874138,1.299226183,0.01872039224,1019,1.298854828,0.0003818528322,0.01205387272,0.006799007839
369,,14.036,54.627,3524743.664,6.547127539,0.05459322827,0.2999301803,0.03844295996,0.2054484985,1.724137582,0.0279846676,1075,1.724049299,0.0001152635396,0.0231647221,0.004891296629
370,,-1.288,54.659,3526808.427,6.54738187,0.1774444137,0.2997351659,0.03294122234,0.3148066575,0.1655833349,0.01026688454,1004,0.1654151556,0.0001677703539,0.002821011282,0.007676670496
371,,-2.718,54.799,3535841.764,6.548492821,0.07712566129,0.2955816527,0.05805849073,0.6109601305,0.4703267699,0.009060404606,861,0.4699652167,0.0003632466473,0.001979689977,0.007203981692
372,,-0.247,54.901,3542423.196,6.549300443,0.08396440739,0.3003158426,0.01968451322,0.2513103687,0.1299803958,0.008103033355,1055,0.1299232171,5.810309306e-05,0.001062471812,0.00721569927
373,,10.111,54.917,3543455.577,6.549426993,0.1693750757,0.297919503,0.03356983132,0.3678461586,1.28622819,0.01813836031,994,1.285871066,0.0003716180736,0.01079978074,0.007465321895
374,,3.063,55.016,3549843.437,6.550209199,0.0846948097,0.2980231431,0.04655981402,0.3208980833,0.8347128705,0.009762051394,1024,0.8345969698,0.0001140014373,0.002572613771,0.007355215453
375,,8.22,55.077,3553779.391,6.550690465,0.08955492357,0.298849379,0.06569104595,0.3071348327,1.532234179,0.01547882828,1019,1.532020252,0.0002256793435,0.008286193128,0.007334775372
376,,-1.944,55.202,3561844.871,6.551675001,0.05438763779,0.2999021164,0.0104472575,0.2205565584,-0.1360261255,0.007682969492,1078,-0.1361229651,9.80088771e-05,0.0008748387101,0.006945635988
377,,7.17,55.308,3568684.398,6.552508142,0.1872956994,0.2988347326,0.0007969100217,0.7078414027,0.7254412322,0.01243974377,1015,0.7253093669,0.0001277192536,0.005056520863,0.007580346841
378,,11.209,55.312,3568942.493,6.55253955,0.1244921973,0.298795656,0.02770036252,0.6424132913,1.47703378,0.01787951548,937,1.476767121,0.0002844769308,0.01111231001,0.006874346701
379,,1.589,55.325,3569781.303,6.552641611,0.1072793997,0.3005311704,0.02717790643,0.1535598255,0.3999701939,0.008969852451,1130,0.399930707,3.827328657e-05,0.001837382345,0.007338018914
380,,13.545,55.399,3574556.067,6.553222113,0.1362421661,0.299568022,0.005701444463,0.2670753,1.41118211,0.019943168,1017,1.410806188,0.0003897944338,0.0135197568,0.006546477824
381,,9.902,55.541,3583718.452,6.554333883,0.1691673973,0.3001314785,0.01089463411,0.2523370245,1.096606438,0.01512111768,1025,1.09636101,0.0002473917748,0.007941557292,0.007345581488
382,,-1.146,55.607,3587977.025,6.554849653,0.06242780897,0.2978165182,0.03457961764,0.5437722978,0.3109948869,0.008003552911,897,0.3108069561,0.0001891510956,0.001004487473,0.007128728493
383,,6.308,55.693,3593526.075,6.5555208,0.05791175232,0.3004633279,0.02899920143,0.2769425022,0.9119757433,0.01003672302,1043,0.9121194983,-0.0001426009971,0.003344194007,0.006837193769
384,,5.776,55.738,3596429.648,6.555871569,0.1668204373,0.295598074,0.04600519993,0.4923613788,1.088247189,0.01441025246,941,1.087925486,0.0003304399482,0.006827327819,0.007715563039
385,,-4.682,55.746,3596945.838,6.555933898,0.1634699615,0.2998306823,1.957464898e-05,0,-0.4872372499,0.01049526035,1016,-0.4872087564,-2.360046978e-05,0.00316947298,0.007538907836
386,,8.468,55.856,3604043.461,6.556790019,0.0953822727,0.2962913859,0.05467981717,0.639244339,1.538295424,0.01694832682,871,1.538120762,0.0002026387995,0.00995295809,0.007075139471
387,,1.309,55.908,3607398.7,6.557194144,0.09549664323,0.2996612313,0.003552343113,0.1676278721,0.1730438451,0.008281889271,1039,0.1730714643,-2.869570065e-05,0.001195021513,0.007270292643
388,,12.905,55.932,3608947.272,6.557380537,0.1086410278,0.2999117731,0.01533030687,0.1707542206,1.444655827,0.01871360372,1079,1.444389676,0.0002750500926,0.01247869196,0.00637446115
389,,-0.655,55.95,3610108.701,6.557520279,0.05094372763,0.2997242014,0.0003620717355,0,-0.06828858403,0.007459554982,1032,-0.06832113035,3.283555153e-05,0.0005478344246,0.007041338701
390,,6.668,55.96,3610753.94,6.557597894,0.1545140727,0.2993689257,0.0167641884,0.3543774126,0.8494983586,0.01193048123,1007,0.8493765452,0.0001183438094,0.004644862295,0.007472566899
391,,-0.431,55.984,3612302.512,6.557784113,0.1034637131,0.2971270905,0.04478141325,0.589399729,0.5284950875,0.009263579789,900,0.5282431328,0.0002478219674,0.002015057995,0.007398131791
392,,10.374,56.04,3615915.847,6.558218315,0.1496583714,0.2986877042,0.02028624582,0.4225465602,1.272210675,0.01596949895,986,1.271953983,0.0002646727746,0.008900891433,0.007206970269
393,,6.781,56.105,3620109.896,6.558721755,0.06458374632,0.2989558746,0.02119986615,0.3790906803,0.9268527843,0.01042706808,988,0.9269823229,-0.0001290882991,0.003862815939,0.006702527953
394,,2.108,56.177,3624755.612,6.559278731,0.1476030043,0.2999034032,0.00872318813,0.1838736679,0.3076024326,0.009555672145,1042,0.3075772229,2.20053314e-05,0.002250498011,0.007524653964
395,,2.803,56.306,3633079.187,6.560274864,0.06913933968,0.29931545,0.02154577843,0.6685180166,0.6218912396,0.008679888678,914,0.6218877431,1.672410369e-06,0.00170390106,0.007109953487
396,,2.155,56.324,3634240.616,6.560413678,0.1271093796,0.2967614342,0.04067925224,0.4011744316,0.6247406113,0.009953657966,972,0.6245730906,0.0001642526209,0.002642914591,0.007496043736
397,,10.069,56.353,3636111.808,6.560637229,0.1973486321,0.3000720281,0.01201994313,0.2932099289,1.076681585,0.01670560709,1011,1.076351268,0.0003362214531,0.009347648725,0.007510709092
398,,-3.195,56.39,3638499.19,6.560922283,0.1856629664,0.3005074351,0.04049279945,0.3459860713,0.1174462484,0.01061532955,1009,0.1172248133,0.0002151519688,0.003227552289,0.007615523849
399,,12.327,56.3,3632692.044,6.560228583,0.1509259314,0.2991197643,0.02147052974,0.3629002202,1.40177743,0.01939341464,1005,1.401422643,0.0003711787297,0.01249865413,0.007014207566
400,,0.864,56.452,3642499.668,6.561399521,0.191182612,0.2968986127,0.0401045667,0.3962189998,0.4590744041,0.01130961337,980,0.4588177551,0.0002539619779,0.003746896258,0.007770152728
401,,-4.731,56.549,3648758.48,6.562145117,0.1754377383,0.2993280561,0.01487997391,0.3396403506,-0.3468488997,0.01048761928,1014,-0.3468736656,2.94160058e-05,0.003170950551,0.007539400552
402,,-2.421,56.563,3649661.814,6.562252624,0.1259029911,0.299734381,0.00309681262,0.6962704673,-0.2188399433,0.008958633859,1016,-0.2188927348,5.350659459e-05,0.001780640121,0.007381093686
403,,14.528,56.617,3653146.101,6.562667041,0.1546425613,0.3009045559,0.03996550064,0.2808848386,1.691794129,0.03372058986,1026,1.691184914,0.0006608726869,0.02689879064,0.006883301219
404,,1.468,56.749,3661663.247,6.563678401,0.08867528395,0.2988102608,0.02339450139,0.3716448639,0.3755226132,0.008413993399,997,0.3754841304,3.769084808e-05,0.001332906401,0.00725096526
405,,11.537,56.749,3661663.247,6.563678401,0.07027217755,0.2998702321,0.02094960698,0.1739042359,1.365624062,0.01638537848,1141,1.365603197,2.43998942e-05,0.01055212694,0.005974549241
406,,-0.901,56.878,3669986.822,6.564664505,0.1806123578,0.3003952072,0.01552467652,0.2556958406,0.05594310651,0.01006506002,1028,0.05586712447,7.667941491e-05,0.00263666822,0.007662757878
407,,0.059,56.975,3676245.635,6.565404522,0.05369208255,0.2993171578,0.01961116542,0.3233901864,0.169017383,0.007560091551,1023,0.1689753971,4.399224164e-05,0.0006603791644,0.007033481545
408,,2.225,57.035,3680117.065,6.565861634,0.1251627725,0.3005633963,0.0309555179,0.1949162076,0.5047858238,0.009571518318,1103,0.5047005421,8.246464643e-05,0.00237251012,0.007413010349
409,,12.407,57.038,3680310.636,6.565884477,0.1874467742,0.2992832967,0.01532417177,0.4237278255,1.297250061,0.02111545053,992,1.296816921,0.0004523708878,0.01397675082,0.007246603941
410,,2.399,57.118,3685472.543,6.56649318,0.1193936138,0.2996264603,0.005120809788,0.239715081,0.3197521721,0.008925268293,1023,0.3197663712,-1.77587795e-05,0.001769000839,0.00735505564
411,,13.397,57.178,3689343.974,6.566949148,0.181426365,0.2998628346,0.004316320011,0.3283571788,1.302275899,0.02094713245,1013,1.301826992,0.0004651099905,0.01403340128,0.007030138198
412,,-2.402,57.305,3697538.501,6.567912705,0.1022454524,0.2931758259,0.06565513393,0.5462459927,0.540287891,0.009695185382,888,0.5399089217,0.0003785180097,0.002541598543,0.007294749061
413,,6.878,57.395,3703345.646,6.568594248,0.07482797682,0.301165231,0.03189740538,0.2528302623,0.9955333598,0.01074653942,1065,0.9956016466,-6.90138665e-05,0.003943182655,0.006967139117
414,,2.871,57.426,3705345.885,6.568828755,0.1364920962,0.3000496266,0.01738717658,0.2118588076,0.4624126982,0.009638581952,1063,0.462365446,4.325357575e-05,0.002401827499,0.007449816046
415,,-2.023,57.682,3721863.988,6.570760498,0.1284082031,0.2943075969,0.05465661446,0.5222139654,0.429227489,0.009778292961,915,0.4288991597,0.0003224318296,0.002534656066,0.007407520831
416,,-0.542,57.759,3726832.323,6.571339853,0.1063274153,0.299820501,0.01124340328,0.24462637,0.06437219908,0.008386095197,1027,0.06431262922,5.897233961e-05,0.001296214189,0.0072823786
417,,8.479,57.812,3730252.086,6.571738182,0.1324640441,0.299690871,0.0001511932952,0,0.9003556372,0.01199964742,1020,0.9003091589,4.20955682e-05,0.005135613393,0.007045396955
418,,12.67,57.861,3733413.754,6.572106123,0.07279166498,0.2998349689,0.01677364136,0.290699197,1.429651599,0.0197634686,1028,1.429524862,0.0001369879725,0.01441950943,0.005452879256
419,,7.314,57.872,3734123.517,6.572188679,0.1320073379,0.2930337805,0.05101634536,0.4030278398,1.308911446,0.01465431946,967,1.308645074,0.0002763705719,0.007307736739,0.007482861271
420,,0.567,57.887,3735091.374,6.572301231,0.1972704382,0.3021887275,0.01834639057,0.1625508985,0.2687737295,0.01076417486,1057,0.2686648462,0.0001086303666,0.003250696327,0.007752117811
421,,3.999,57.892,3735413.993,6.572338741,0.09982403793,0.2971393123,0.03953670749,0.3866027724,0.8054467215,0.009950619202,976,0.8053701034,7.523616867e-05,0.002800755838,0.00731977372
422,,5.758,58.037,3744769.95,6.573425143,0.1410670128,0.3014289612,0.02879021336,0.2319933203,0.8625879374,0.01152695883,1063,0.862457368,0.000126665361,0.004290455939,0.007435750529
423,,-4.278,58.038,3744834.474,6.573432626,0.08834648194,0.29806006,0.03321226635,0.3598136914,-0.1730701783,0.00870305618,994,-0.1732375656,0.0001699034343,0.002026761729,0.006845907896
424,,10.293,58.112,3749609.238,6.57398601,0.09629733351,0.2995189935,0.01438303989,0.6472872246,1.27470052,0.01468811549,961,1.274606691,9.715863336e-05,0.008383371484,0.00643664901
425,,-3.419,58.154,3752319.239,6.57429978,0.1731503854,0.3025684285,0.03275644674,0.2554467193,-0.05256611333,0.01006381343,1039,-0.0526851189,0.0001225760651,0.002802386687,0.007497658346
426,,2.816,58.234,3757481.146,6.57489681,0.1300775048,0.2996629772,0.003574004787,0.3989792949,0.3387676366,0.009167771521,1018,0.3387815732,-1.778008476e-05,0.001997371333,0.007373616038
427,,4.47,58.253,3758707.099,6.575038484,0.09828383798,0.30012234,0.01567938081,0.2438307747,0.6165931515,0.00928906032,1055,0.6166354302,-4.550093415e-05,0.002292415888,0.007181142034
428,,5.802,58.363,3765804.721,6.575857796,0.1689500595,0.2992929769,0.04862321181,0.3496434825,1.116138988,0.01461540622,1006,1.115775328,0.0003700178205,0.007081585196,0.007686902221
429,,2.246,58.417,3769289.008,6.576259438,0.08933457488,0.2984109776,0.02771433485,0.5632119062,0.6002606478,0.008893168267,925,0.6001897805,6.74932146e-05,0.00180264273,0.007242398049
430,,-4.262,58.451,3771482.819,6.576512134,0.199184442,0.3022275873,0.02543992201,0.2467113816,-0.1659068523,0.01074530101,1036,-0.1659706502,6.897600463e-05,0.00335251739,0.007634755073
431,,-1.369,58.57,3779161.155,6.577395412,0.1902498116,0.301955992,0.02478107181,0.1943794449,0.1163723625,0.01036003776,1066,0.1162575629,0.0001167334555,0.002932707519,0.007671848323
432,,2.593,58.582,3779935.441,6.577484382,0.1619455729,0.2997056648,0.007812273785,0.3723308296,0.3441434699,0.00989645925,1011,0.3440991008,4.039611748e-05,0.002570579347,0.007543338047
433,,3.413,58.589,3780387.108,6.577536273,0.1994396633,0.2997693823,0.0002598712671,0,0.3354200968,0.01092177936,1010,0.3353638844,5.24535363e-05,0.003450144861,0.007698297492
434,,7.214,58.626,3782774.49,6.577810452,0.1131402858,0.3000506157,0.02138276694,0.2092341466,0.9534137902,0.01140462096,1081,0.9533827653,2.714377011e-05,0.004447404855,0.007144646898
435,,0.452,58.664,3785226.396,6.57809186,0.1571024761,0.2997547302,0.0006388974435,0.6499348679,0.05526018696,0.009408440969,1015,0.0552568161,2.17421677e-06,0.002106877255,0.007524131909
436,,-1.518,58.723,3789033.302,6.578528422,0.09824788329,0.2997317274,0.0008256699986,0.264084916,-0.1602724532,0.008263382254,1026,-0.1603137955,4.301795735e-05,0.001230364933,0.007216766864
437,,-3.563,58.831,3796001.877,6.579326418,0.1008865627,0.2984595879,0.02738711705,0.5010068053,-0.06163323299,0.008584501715,944,-0.06183656259,0.0002003614616,0.001652645457,0.007105398159
438,,13.222,58.859,3797808.544,6.579533067,0.1747981294,0.2995716597,0.006206875704,0.5710002288,1.33375231,0.0202720799,1003,1.333324277,0.0004444098909,0.01341683167,0.006971536367
439,,8.84,58.936,3802776.88,6.580100845,0.05629516982,0.2996496137,0.002340184162,0.5892688314,0.9729109204,0.01347054599,1015,0.9730105862,-9.728981023e-05,0.008002073571,0.005583432956
440,,14.697,58.945,3803357.594,6.58016716,0.06526199031,0.2993455629,0.02116649638,0.3291634394,1.557484057,0.03224234219,1016,1.557204152,0.0003116471298,0.02794257542,0.00433869605
441,,11.893,59.071,3811487.598,6.581094511,0.1150372303,0.2997796804,4.64484794e-05,0,1.236322798,0.01603696796,1020,1.236130571,0.0001953357309,0.009834046378,0.006349383795
442,,9.398,59.086,3812455.455,6.581204778,0.1770539892,0.2997605504,0.001295540261,0.4014952251,0.9568805741,0.01388205978,1014,0.9566875763,0.000191628401,0.006739419193,0.007319142695
443,,3.417,59.092,3812842.598,6.581248877,0.06629534526,0.2994976553,0.01125604356,0.5723036013,0.5222425072,0.008364410786,963,0.522319526,-7.836325708e-05,0.001545224481,0.006959237121
444,,14.475,59.149,3816520.457,6.581667595,0.1355100334,0.2990645365,0.0003866793226,0,1.430282471,0.02163986319,1018,1.429838272,0.0004611284563,0.01551999673,0.006231974416
445,,-4.585,59.225,3821424.269,6.582225257,0.1831658767,0.2969471931,0.03602966215,0.4789008677,-0.08822784814,0.01056393849,958,-0.08839726696,0.000160841351,0.00328161856,0.007501306129
446,,11.447,59.227,3821553.316,6.582239923,0.1647207386,0.2988996882,0.02076587286,0.3565896278,1.310761402,0.01807140996,1006,1.310421304,0.0003526845121,0.01102862398,0.007172559196
447,,2.515,59.245,3822714.745,6.582371892,0.1715608302,0.2994639605,0.01315981843,0.6208816924,0.4156916704,0.01028224938,984,0.4155896971,9.322186194e-05,0.002892490842,0.007593703472
448,,2.558,59.251,3823101.888,6.582415872,0.125299898,0.2999337861,0.01441517593,0.2865645955,0.4020785939,0.0091569661,1024,0.4020554998,1.970572623e-05,0.002000969638,0.007358534294
449,,-3.994,59.266,3824069.746,6.582525805,0.148724426,0.3003390007,0.0455691849,0.3195066627,0.07556274245,0.009788557036,1014,0.07534109204,0.0002158855762,0.002737101666,0.007270970952
450,,-0.777,59.285,3825295.699,6.582665012,0.0562578846,0.2997499119,0.03093949467,0.2321712663,0.2338868267,0.007740463442,1055,0.2337825465,0.000106372141,0.0009770935782,0.006905002969
451,,10.997,59.46,3836587.37,6.583945093,0.1642068889,0.2997521884,0.00020088672,0,1.111652932,0.01526117292,1016,1.111409823,0.0002448768393,0.008357987676,0.007063563808
452,,7.06,59.54,3841749.277,6.584529018,0.1675774791,0.3000315169,0.01669252199,0.2960828474,0.878724664,0.01249105741,1015,0.8785644414,0.0001570866707,0.005217359831,0.007463297236
453,,7.622,59.563,3843233.326,6.584696752,0.06079241412,0.2995551045,4.200520766e-05,0,0.8252394199,0.01097387721,1032,0.8253845455,-0.0001449833451,0.004993807912,0.006112361822
454,,-4.362,59.56,3843039.754,6.584674877,0.1815460854,0.2996146093,0.009658765701,0.3028061091,-0.3519795488,0.01049716839,1009,-0.3519788591,4.110444292e-06,0.003177654844,0.007544250344
455,,4.507,59.635,3847879.042,6.585221412,0.1367731054,0.2995610803,0.008533249195,0.3432777225,0.5603701825,0.009903190897,1017,0.5603541115,1.103389507e-05,0.002755717043,0.007348573765
456,,2.165,59.668,3850008.329,6.585461669,0.106657275,0.2997874366,0.001628135903,0.3159714006,0.2515478042,0.008505623068,1023,0.2515886643,-4.309212255e-05,0.001463721311,0.007232347866
457,,-3.433,59.682,3850911.662,6.585563556,0.1984242031,0.2991531682,0.02475671191,0.3438734358,-0.1094083718,0.01061833267,1008,-0.1094942547,8.818476919e-05,0.003225131473,0.007628703937
458,,10.766,59.75,3855299.283,6.586058098,0.1367444196,0.2997655678,8.614550403e-05,0,1.119698508,0.01440159593,1022,1.119533035,0.0001654242052,0.007757982351,0.006805820629
459,,11.839,59.789,3857815.713,6.586341478,0.06720469248,0.2994744455,6.403724255e-05,0,1.220728364,0.02015457342,1029,1.22059936,0.0001372426825,0.01531466146,0.004940701458
460,,-3.747,59.921,3866332.859,6.58729924,0.06322562983,0.2997251723,0.009549396393,0.1513400003,-0.3410122205,0.008200046853,1090,-0.341138536,0.0001279054908,0.001642809131,0.006704877618
461,,-1.242,59.978,3870010.718,6.587712168,0.1304589489,0.2998124869,0.0002137446575,0,-0.1320635723,0.008837365192,1020,-0.1320803679,1.850416832e-05,0.001683415398,0.007362541339
462,,2.759,60.055,3874979.054,6.588269359,0.1683172451,0.2990393509,0.02070491746,0.5114835494,0.5202834759,0.01048885427,970,0.5201398239,0.0001356086174,0.00310260409,0.007581405006
463,,-4.722,60.062,3875430.721,6.588319978,0.09164530079,0.2996156591,0.007121878064,0.2933292561,-0.4410965562,0.008830664311,1025,-0.4412196726,0.0001261717368,0.002058287916,0.006947513568
464,,0.644,60.079,3876527.626,6.588442883,0.1095148985,0.2994575167,0.01711091527,0.3224073217,0.2197192119,0.008500733817,1020,0.2196700982,4.79844435e-05,0.001422916526,0.007271070905
465,,1.471,60.182,3883173.581,6.589186804,0.05533425181,0.2998141798,0.009486955808,0.2752451766,0.2366222084,0.007557852098,1037,0.2366688968,-4.59272284e-05,0.0007140343534,0.006981949107
466,,5.861,60.183,3883238.105,6.589194021,0.176669167,0.299846449,7.633188579e-05,0,0.6001767335,0.01119577105,1013,0.6001068636,6.467626017e-05,0.003923761826,0.007481437361
467,,2.984,60.23,3886270.725,6.589533051,0.09456184618,0.2899307992,0.06765087863,0.4412019562,1.082107235,0.01121958828,931,1.081852299,0.0002597773022,0.003935894335,0.00742389694
468,,-0.953,60.295,3890464.775,6.590001487,0.06221745374,0.2993276215,0.0203699005,0.3482728294,0.07130018885,0.007619530277,1006,0.07121067388,9.13249655e-05,0.0007899594038,0.006971906704
469,,1.218,60.333,3892916.68,6.590275109,0.09753556078,0.2955603524,0.04673627128,0.3882719721,0.5736102913,0.009049418646,973,0.5734580194,0.0001516663617,0.001959283918,0.007262099433
470,,0.309,60.404,3897497.873,6.590785887,0.1654497571,0.2989376551,0.0006064605853,0.7073735326,0.03814927148,0.009547378796,1018,0.03814544759,2.526583368e-06,0.002245402202,0.007526148027
471,,2.401,60.541,3906337.639,6.591769778,0.1629600256,0.2998308309,7.575540603e-06,0,0.2509029663,0.009701369435,1016,0.2508990257,5.337018525e-07,0.002425386324,0.007497741545
472,,-1.823,60.573,3908402.401,6.591999271,0.1463803381,0.3007684769,0.05256003906,0.2973451205,0.3869322298,0.009953274115,1020,0.38665455,0.0002714349428,0.0028072899,0.007357423076
473,,12.746,60.574,3908466.925,6.592006441,0.09692759521,0.2993911735,0.0001555376792,0,1.316155549,0.01837736279,1027,1.315924327,0.0002383865574,0.01273155259,0.005771547686
474,,3.967,60.711,3917306.691,6.592987574,0.05378014212,0.2997886034,0.02452391197,0.1791379473,0.6143914766,0.008408754861,1173,0.6145061123,-0.00011334048,0.001625676819,0.006931955229
475,,2.4,60.772,3921242.645,6.593423717,0.1584776514,0.2995150067,0.0118876178,0.3685197315,0.3632649328,0.009787665496,1008,0.3632045712,5.619021468e-05,0.002508164456,0.007493934846
476,,6.456,60.845,3925952.885,6.593945083,0.06090872851,0.2994538737,0.01453654241,0.3779596381,0.8334268175,0.009860567445,996,0.8335805811,-0.0001535305805,0.003447501199,0.006548651092
477,,-0.053,60.991,3935373.365,6.594985942,0.1203345748,0.3007349205,0.03484965824,0.2238121636,0.3911986385,0.009105805515,1042,0.3910494723,0.0001449044845,0.002043895252,0.007266994413
478,,4.575,61.194,3948471.704,6.59642903,0.06813430793,0.299727366,5.163142592e-06,0,0.5026347696,0.008524078055,1032,0.5027781096,-0.0001447833015,0.001895932875,0.006778491015
479,,3.238,61.271,3953440.04,6.596975156,0.1103985389,0.3009137396,0.05236478909,0.2265929576,0.9195519135,0.01078296723,1048,0.9193445483,0.0002049476224,0.003637211171,0.007336263113
480,,0.196,61.301,3955375.755,6.597187747,0.1084105859,0.3005365651,0.055119843,0.2612800651,0.6166098093,0.009541615969,1038,0.6163774432,0.0002288080015,0.002497811039,0.007235116816
481,,4.232,61.412,3962537.901,6.597973429,0.1645607049,0.3012472624,0.02557229167,0.2634053132,0.675338706,0.01107019291,1031,0.6751868232,0.0001478138489,0.00375997666,0.007520134658
482,,13.586,61.489,3967506.236,6.598517618,0.09387046087,0.3015363837,0.03761554484,0.2632790218,1.655180488,0.02149091238,1051,1.654909653,0.0002889774851,0.01538016241,0.006226282033
483,,3.363,61.494,3967828.856,6.598552931,0.1891760425,0.2996126204,0.008872802666,0.3325626642,0.445054355,0.01082976021,1009,0.4449504088,9.892970084e-05,0.003432986046,0.00761544503
484,,14.277,61.642,3977378.384,6.599596909,0.1638185678,0.2999773291,0.01366867111,0.2733326275,1.464356529,0.02374380565,1023,1.463865361,0.0005156109248,0.01710206544,0.006740949699
485,,0.83,61.676,3979572.194,6.599836388,0.1274113011,0.2996660948,0.0001541432939,0,0.09203457538,0.008702741665,1020,0.09204566931,-1.218541481e-05,0.001590873952,0.007318771173
486,,-1.803,61.694,3980733.623,6.599963117,0.08464704849,0.2956057021,0.05124241266,0.5415843288,0.4403036223,0.008672617585,892,0.4400156831,0.0002865617891,0.001688894947,0.007126359903
487,,5.313,61.727,3982862.91,6.600195358,0.161130317,0.2999450518,0.009240425132,0.2095911524,0.6453641541,0.01084976088,1038,0.6452905348,6.832074144e-05,0.003643441189,0.007416818452
488,,9.994,61.728,3982927.434,6.600202394,0.07692363343,0.2968974803,0.03989791471,0.4039464767,1.422476646,0.01481663639,962,1.422457522,2.615873847e-05,0.008449218165,0.006492838975
489,,-0.434,61.838,3990025.056,6.600975623,0.1753706438,0.3015555188,0.04338818292,0.2971052722,0.4593968515,0.01069438854,1024,0.4591248221,0.0002666348157,0.003352333544,0.007557250161
490,,-0.567,61.863,3991638.152,6.601151165,0.06693500753,0.2995878541,0.003499787773,0.3987756535,-0.02908261277,0.007579820952,1020,-0.02911618414,3.407994576e-05,0.0007182040269,0.007011102106
491,,6.028,61.921,3995380.534,6.601558149,0.1169865122,0.2981573471,0.04157605078,0.3367511395,1.012177109,0.01149369397,1007,1.012055896,0.0001200991842,0.004379434041,0.007289724668
492,,-0.428,61.958,3997767.916,6.601817578,0.05416166639,0.2987405511,0.02498667838,0.3653179195,0.1744153192,0.007505030706,991,0.1743347676,8.301540426e-05,0.0007142735076,0.006921904219
493,,3.476,61.968,3998413.155,6.601887668,0.1161370394,0.2977609284,0.03239305661,0.3681854306,0.6752831035,0.0096877418,992,0.6751997247,8.008123564e-05,0.002568775559,0.007302955492
494,,12.253,61.997,4000284.346,6.602090863,0.1584824528,0.2997286295,0.001686387273,0.3716549886,1.241659686,0.01698073501,1017,1.241351687,0.0003144746345,0.01027602209,0.00684824114
495,,3.502,62.111,4007640.063,6.602888709,0.08818322316,0.2997530384,0.01019641564,0.3047354261,0.4707765148,0.008538472257,1025,0.47084061,-6.639401823e-05,0.00164762041,0.007064362841
496,,11.706,62.314,4020738.402,6.604305818,0.1921984943,0.2999675825,0.02818733807,0.3628190407,1.380579112,0.02263654506,1005,1.380099295,0.0005058598298,0.0154136621,0.007323751811
497,,-0.274,62.341,4022480.546,6.604493952,0.09882218655,0.2993828127,0.009685408895,0.3881764827,0.061659034,0.008132824937,1008,0.06161539861,4.355351813e-05,0.00114761249,0.00716733462
498,,4.75,62.357,4023512.927,6.604605401,0.06123290892,0.2993897788,0.0212159617,0.329217327,0.6977176322,0.008807260273,1016,0.697837156,-0.0001190965612,0.002107820551,0.006842538804
499,,9.241,62.369,4024287.213,6.604688969,0.1487479021,0.300513175,0.0227379237,0.1984052604,1.162515595,0.01434031932,1078,1.162304027,0.0002116788603,0.00732239663,0.007195066799
500,,0.739,62.439,4028803.882,6.605176127,0.1997895195,0.3000279419,0.004540884662,0.1579689744,0.1386832232,0.01042846839,1017,0.1386459234,3.593920661e-05,0.003012765571,0.007653497743
501,,-2.45,62.504,4032997.931,6.605627999,0.1341980272,0.2980399219,0.03288080032,0.3622237626,0.03686346295,0.009031879172,999,0.0367052784,0.0001583948118,0.001990795237,0.007249036119
502,,4.388,62.562,4036740.314,6.606030812,0.06287996438,0.2990970174,8.682918148e-05,0,0.483427593,0.008355671202,1032,0.4835771003,-0.0001502950675,0.00177790034,0.006721347582
503,,11.903,62.569,4037191.981,6.606079402,0.06480867816,0.2904526849,0.06629176833,0.4454911924,1.834773161,0.0233822967,918,1.834678082,0.0001331939117,0.01743648135,0.006008271396
504,,8.578,62.607,4039643.887,6.606343082,0.08812445505,0.299736077,2.390774568e-05,0,0.9258440384,0.01150687072,1026,0.9259039082,-6.227451613e-05,0.005228910666,0.006436096821
505,,10.845,62.63,4041127.935,6.6065026,0.06745870999,0.2998283014,0.04210917791,0.2823198882,1.553982619,0.01644231227,1034,1.553962391,2.846730982e-05,0.01031998002,0.006250236495
506,,9.845,62.644,4042031.269,6.606599669,0.07438669942,0.2994014442,8.923707941e-05,0,1.051302699,0.01352166281,1029,1.051330005,-2.651833196e-05,0.007782292344,0.005876108693
507,,-1.523,62.676,4044096.031,6.60682146,0.1008599879,0.2989209067,0.02852490916,0.3417952492,0.08428609982,0.008303211836,1009,0.08415655646,0.000130386841,0.001381941748,0.007105898279
508,,-1.384,62.723,4047128.652,6.60714701,0.08849677767,0.2990257793,0.02594403399,0.3293305493,0.07083970172,0.008055747608,1018,0.0707244516,0.000116473736,0.001187057458,0.007042135301
509,,-4.125,62.776,4050548.415,6.607513828,0.1398300715,0.2989358825,0.02562255769,0.5869966155,-0.1295389955,0.009342265857,949,-0.1297126043,0.000166302004,0.002295293503,0.00724660977
510,,1.588,62.798,4051967.94,6.607666,0.0703960856,0.2975537505,0.0458740304,0.3375091407,0.5668306098,0.008448656117,1004,0.5667512433,8.13577784e-05,0.001534446419,0.007070115072
511,,11.53,62.825,4053710.083,6.607852685,0.1474366448,0.2995131072,0.007662541713,0.338054754,1.242443139,0.01595754935,1019,1.242193345,0.0002545508115,0.009251549416,0.006855404125
512,,8.143,62.866,4056355.561,6.608136016,0.08167024242,0.3000064161,0.04303701831,0.2631282637,1.316687333,0.01283471107,1041,1.316640624,4.790009945e-05,0.006052349613,0.006939435498
513,,-0.786,62.893,4058097.704,6.608322499,0.1706898538,0.2996050618,0.0003239704968,0,-0.07792265624,0.009625094813,1017,-0.07792243023,5.4262536e-07,0.002347484939,0.007504480646
514,,8.801,62.922,4059968.895,6.608522706,0.08266316087,0.3000508896,0.02491719174,0.2856856919,1.146378457,0.01219823988,1033,1.14641985,-4.201937631e-05,0.005712147666,0.006643647006
515,,8.632,63.019,4066227.708,6.609191695,0.119792192,0.3003311008,0.02143538918,0.271350473,1.099046958,0.01257621644,1034,1.098968691,7.615769771e-05,0.005741633898,0.007009717201
516,,1.427,63.049,4068163.423,6.609398391,0.1157758827,0.2998967518,0.01232017399,0.1747444548,0.2621399165,0.008611337749,1067,0.2621296064,8.631290437e-06,0.001575998712,0.007240297624
517,,0.697,63.402,4090940.337,6.611823146,0.1905208864,0.2998959736,0.004073025035,0.2438249665,0.110161719,0.01012524497,1015,0.110132113,2.835229203e-05,0.002769115518,0.007590042503
518,,2.516,63.407,4091262.957,6.611857394,0.1440680623,0.2997921305,4.704838213e-05,0,0.2696789365,0.009222242701,1022,0.2696927748,-1.733331931e-05,0.002088622155,0.007346647607
519,,6.161,63.433,4092940.576,6.612035439,0.06357184385,0.2995532487,4.63802491e-05,0,0.6735014489,0.009376815933,1032,0.673663487,-0.0001629608895,0.003072014323,0.006446272934
520,,0.8,63.505,4097586.293,6.612528108,0.08410629705,0.2997633105,0.01243124275,0.1837181031,0.1860295622,0.007915322276,1087,0.1860279149,1.704942264e-06,0.001020371192,0.007072665753
521,,9.838,63.51,4097908.912,6.612562301,0.1530403159,0.2998648565,0.01931944029,0.3106739764,1.222045453,0.0149972934,1014,1.221807474,0.0002415643478,0.007989788966,0.007163325573
522,,0.533,63.558,4101006.056,6.612890411,0.1448769077,0.2986343014,0.02804825657,0.6030231987,0.4065591725,0.009541998283,945,0.4063872908,0.0001617522036,0.002306471765,0.007418222159
523,,3.34,63.737,4112555.823,6.614111806,0.0911715694,0.3004290241,0.02180062934,0.2576563273,0.5439007964,0.008727780188,1055,0.5439214012,-2.270944915e-05,0.001805468523,0.007102529573
524,,8.194,63.757,4113846.3,6.614248062,0.165927126,0.2996847661,0.006193108345,0.6622980556,0.9213349608,0.01264028365,1003,0.9211896034,0.0001411137006,0.005556896217,0.007259975718
525,,9.03,63.952,4126428.448,6.615574319,0.155249765,0.2997301373,0.004785250583,0.1934768094,0.9829127919,0.01299043917,1027,0.982776203,0.0001332374028,0.006052914938,0.007119651813
526,,0.897,63.972,4127718.925,6.615710117,0.09316066485,0.2989144548,0.02382079946,0.6069882684,0.4183140768,0.00840281974,930,0.4182167623,9.210531297e-05,0.00140885941,0.007153486616
527,,3.66,64.058,4133267.975,6.616293563,0.08021020656,0.298305546,0.03850504442,0.322269873,0.7266802121,0.009085315323,1017,0.7266648247,1.516106316e-05,0.002160315582,0.007091109803
528,,6.223,64.092,4135461.785,6.616524012,0.06044219488,0.2997685339,0.01520781459,0.3028605,0.8381565578,0.00965496538,1028,0.8383030927,-0.0001469454207,0.003241769542,0.006553257814
529,,1.489,64.126,4137655.596,6.616754339,0.07931381006,0.2959718631,0.03928147459,0.4080741809,0.6085119014,0.008595628285,960,0.6083991622,0.0001113078872,0.001627211845,0.007121940431
530,,14.249,64.12,4137268.453,6.616713702,0.1603961803,0.2991311351,0.01261059485,0.4297666398,1.485014959,0.0230120074,997,1.484545286,0.0004948331774,0.01643844692,0.006669665008
531,,0.932,64.144,4138817.025,6.616876227,0.1731677536,0.3004842025,0.01065329823,0.1564466995,0.2185534739,0.009804945176,1045,0.2185015108,5.039116344e-05,0.00253515505,0.007502530107
532,,5.971,64.163,4140042.978,6.61700485,0.1937687773,0.2995932784,0.0004070781016,0,0.5985001584,0.01158681486,1011,0.5983992018,9.589989803e-05,0.004296815573,0.007499410705
533,,10.66,64.171,4140559.168,6.617058995,0.1168762414,0.2992417507,0.01334312172,0.3762918404,1.261739489,0.01459452263,1005,1.261599253,0.0001424154672,0.008094741171,0.006648885943
534,,1.751,64.173,4140688.216,6.61707253,0.1898129867,0.2992940668,0.01620949604,0.3960524929,0.3279301382,0.01044547338,1001,0.3278156726,0.0001105464359,0.003077762992,0.007588408615
535,,-1.395,64.234,4144624.17,6.617485155,0.1462049623,0.3009737999,0.03165764358,0.2560717673,0.2258936407,0.009329115666,1033,0.2257264864,0.0001630591811,0.002236566867,0.007313454409
536,,2.204,64.301,4148947.267,6.617937915,0.08759268985,0.2999599647,0.02292161311,0.1808444437,0.4236283908,0.008362982699,1125,0.423633873,-6.695512536e-06,0.001469440818,0.007080293371
537,,8.316,64.341,4151528.221,6.618207994,0.1625173278,0.2994921315,0.005842219146,0.3636969604,0.9131745006,0.01254274379,1016,0.9130452076,0.0001258299881,0.005502773034,0.007223706033
538,,1.344,64.392,4154818.936,6.618552102,0.05123955591,0.2978479455,0.03683246051,0.3408257535,0.4595900583,0.007790033782,1001,0.4595601178,3.346606558e-05,0.0009941416308,0.006928449723
539,,12.422,64.436,4157657.985,6.618848761,0.1938684365,0.2995912679,0.0004085235895,0,1.184532516,0.01832819002,1011,1.184148845,0.0003926376374,0.01136149237,0.007103279232
540,,7.395,64.523,4163271.559,6.61943474,0.0676683164,0.2961804618,0.04914442975,0.57532674,1.38979914,0.01326873141,874,1.389780286,3.028298892e-05,0.006695902936,0.00667273886
541,,-1.194,64.541,4164432.988,6.619555878,0.05877439604,0.2996818264,0.004998978724,0.2318384452,-0.07987081295,0.007431657373,1029,-0.07993640012,6.622976436e-05,0.000679232442,0.006893037958
542,,8.654,64.598,4168110.847,6.61993926,0.07504421342,0.297604457,0.03513317572,0.5387512,1.339362221,0.01348339373,907,1.339355993,1.260266674e-05,0.007116229112,0.006481682305
543,,-2.753,64.695,4174369.659,6.620590905,0.1577754655,0.2996648689,0.01068353885,0.30251864,-0.1931712518,0.009434947035,1014,-0.1932191296,5.102981989e-05,0.002290751613,0.007366768706
544,,14.35,64.711,4175402.041,6.620698299,0.09846768975,0.2996389578,0.001681832057,0.1942831996,1.450111584,0.02260726934,1026,1.449740033,0.0003870069981,0.01729386426,0.005416498651
545,,12.62,64.825,4182757.758,6.621462713,0.06127445758,0.2980092577,0.02878578809,0.4556555028,1.559095727,0.02385890784,936,1.558977942,0.0001390502678,0.01908341433,0.00484206325
546,,11.743,65.002,4194178.477,6.622646907,0.1559664784,0.298966491,0.02037800961,0.4000123568,1.354517389,0.0178315438,995,1.354199282,0.0003308747685,0.01097993983,0.006978377751
547,,12.286,65.015,4195017.287,6.622733755,0.1752292711,0.2997903807,0.003401365149,0.1514444624,1.243384997,0.01779972085,1021,1.243029891,0.0003633446205,0.01097489859,0.006965390196
548,,-3.318,65.06,4197920.86,6.623034247,0.1647314059,0.2981019025,0.0306793656,0.369925575,-0.06297493355,0.009675972262,994,-0.06310844309,0.0001344226695,0.002559952426,0.007341091592
549,,10.083,65.09,4199856.575,6.623234459,0.06598194277,0.293788963,0.05257319649,0.3625822592,1.593178526,0.01612425691,985,1.593157988,3.211371316e-05,0.009851339479,0.006388602164
550,,-0.857,65.137,4202889.195,6.62354794,0.07198368587,0.299825884,0.01634390458,0.2128171591,0.03097688131,0.007645190899,1090,0.03091510277,6.309764144e-05,0.000880818727,0.006927812883
551,,-0.97,65.162,4204502.291,6.623714593,0.1062699375,0.3002595487,0.02593785,0.2104837502,0.106132302,0.008323166091,1094,0.1060441129,8.931956598e-05,0.001435648753,0.007088534253
552,,5.647,65.163,4204566.815,6.623721258,0.05159239851,0.2995978064,0.02146510021,0.3088871515,0.8409184822,0.009336484731,1035,0.8410733452,-0.0001538926202,0.002910660047,0.006557229052
553,,-3.411,65.202,4207083.245,6.623981105,0.1247155356,0.2994443309,0.01444212033,0.519320845,-0.1976433461,0.00883294689,978,-0.1977623478,0.0001176704216,0.001870511245,0.007160077756
554,,11.737,65.302,4213535.628,6.624646671,0.1058239969,0.2996491366,0.0001023308173,0,1.229638589,0.01563187971,1026,1.229481858,0.0001592228196,0.009643288051,0.006133852146
555,,0.524,65.405,4220181.584,6.625331138,0.09927262688,0.290249224,0.06375247492,0.4248268153,0.7783170929,0.009752519756,942,0.7780310597,0.0002850729465,0.002658283644,0.0072507561
556,,1.556,65.41,4220504.203,6.625364337,0.1164152728,0.2997985251,0.008472040397,0.2595148911,0.242070835,0.008532716788,1032,0.2420698109,-9.433660605e-07,0.001533315296,0.007199933088
557,,-4.521,65.558,4230053.731,6.626345884,0.0563298255,0.3000398635,0.01382307587,0.2289939584,-0.3919402912,0.008442050734,1078,-0.3920875072,0.0001484251611,0.002211444655,0.006366870281
558,,8.82,65.688,4238441.83,6.627206227,0.1625946114,0.297640818,0.0351027595,0.5290459212,1.277396635,0.01590035052,944,1.27710442,0.000304957622,0.008692790798,0.007330415357
559,,6.814,65.691,4238635.401,6.627226061,0.1688160898,0.2989382839,0.0006035835035,0.7078301628,0.7122342844,0.01135570262,1013,0.7121577498,7.057770057e-05,0.004264165514,0.007292561943
560,,9.69,65.717,4240313.021,6.627397917,0.1592097279,0.2979097692,0.02672667771,0.426261891,1.269889518,0.01567938067,979,1.269615689,0.000282587426,0.008598714533,0.00721649369
561,,6.849,65.808,4246184.69,6.62799888,0.1349313572,0.2992634295,0.0003365464927,0,0.7367028088,0.01062652195,1021,0.7366981548,-1.341086141e-06,0.00375573602,0.007063257065
562,,13.848,65.898,4251991.835,6.628592422,0.06547255897,0.301123343,0.02983357705,0.2403342547,1.610043632,0.02317786924,1081,1.609897378,0.0001627400886,0.01810834844,0.005167305893
563,,11.113,65.935,4254379.217,6.628836198,0.1539384485,0.2995669566,0.01092840566,0.312320599,1.250464078,0.01579391229,1014,1.250204677,0.0002640462674,0.008992331072,0.006952046355
564,,3.694,66.028,4260379.934,6.629448331,0.08638432595,0.298851456,0.02122103056,0.3646149562,0.5974820079,0.00872136425,998,0.5975130829,-3.31972374e-05,0.001865749713,0.007022878536
565,,8.17,66.114,4265928.984,6.630013621,0.1054883082,0.2914416347,0.06099222622,0.4405207021,1.507792542,0.01547033225,936,1.507577023,0.0002322704481,0.008406518424,0.00717906988
566,,1.702,66.121,4266380.651,6.630059601,0.1850004896,0.2998945597,0.002075844454,0.3134966769,0.1909366706,0.00999716239,1009,0.1909108328,2.332612365e-05,0.002718021842,0.007510452965
567,,6.719,66.236,4273800.892,6.630814285,0.056101976,0.2982717786,0.03079939791,0.3692808772,0.9998972455,0.01027097738,985,1.000040396,-0.0001412078021,0.003865276146,0.006537478751
568,,-1.102,66.371,4282511.611,6.631698549,0.1893729816,0.2994750155,0.00241744183,0.6986981688,-0.08348622479,0.01000609675,1010,-0.08349309414,6.425260256e-06,0.002712689914,0.007526969749
569,,-4.065,66.429,4286253.993,6.632077903,0.1261035149,0.2999219641,0.02386488598,0.2676972544,-0.1740794285,0.008946141628,1025,-0.174212438,0.000133626975,0.002110786389,0.007044571138
570,,-4.79,66.517,4291932.091,6.632652842,0.06067274136,0.2993868675,0.02143641155,0.3290652638,-0.3463846935,0.008525048697,1016,-0.3465456649,0.0001628606896,0.002303411508,0.006357955694
571,,7.008,66.588,4296513.283,6.633116159,0.1133258014,0.2996837156,0.0001071507749,0,0.759738932,0.01031863605,1023,0.759781537,-4.762564525e-05,0.003633820127,0.006867384122
572,,8.606,66.603,4297481.141,6.633213979,0.1073104448,0.2996563008,0.003092831773,0.4405658647,0.9601154573,0.0115982621,1019,0.9601207178,-8.837278337e-06,0.005106638617,0.006659420244
573,,-1.676,66.607,4297739.236,6.633240061,0.1355446364,0.2997186059,0.006220090892,0.2456865038,-0.1263253185,0.008797306767,1027,-0.1263656879,4.252819247e-05,0.001758007173,0.007252529545
574,,2.079,66.608,4297803.76,6.633246581,0.09284577381,0.2998333646,0.02661475167,0.2816242764,0.5168417784,0.008553729132,1027,0.5167871283,5.105365715e-05,0.001630811877,0.007101919186
575,,3.394,66.619,4298513.522,6.633318297,0.08254539572,0.2995971787,0.01160611616,0.3507044356,0.4762910044,0.008338810295,1016,0.476356514,-6.720194275e-05,0.001543200037,0.006960748761
576,,-0.743,66.62,4298578.046,6.633324816,0.1487746064,0.2996214884,0.007844163301,0.4622186128,0.008986377475,0.009033225854,1001,0.008935384955,4.882154574e-05,0.001915817752,0.007332922065
577,,11.605,66.662,4301288.047,6.633598527,0.07326465142,0.2997392532,1.890396565e-07,0,1.211453537,0.01749087011,1026,1.211354538,0.0001041395538,0.01232348399,0.005284980493
578,,14.214,66.772,4308385.669,6.634314573,0.132058209,0.2996167446,0.01274582865,0.3388110217,1.509096844,0.02140578232,1014,1.508701804,0.0004140690105,0.01521813791,0.006296453801
579,,9.138,66.777,4308708.289,6.634347092,0.1637698465,0.2998300889,2.81466487e-05,0,0.9408203216,0.01290190344,1016,0.9406801927,0.0001365520268,0.005982831566,0.007101358766
580,,3.963,66.817,4311289.242,6.63460716,0.05296983114,0.2989799898,6.644609088e-05,0,0.4363931383,0.007989512956,1032,0.4365511521,-0.0001579288948,0.001522974651,0.006597519649
581,,9.175,66.825,4311805.433,6.634659155,0.06829321972,0.2979003115,0.04406025861,0.3293741828,1.341810193,0.01322292101,1012,1.341853732,-4.010776312e-05,0.006830700619,0.006532632316
582,,-1.731,66.849,4313354.005,6.634815103,0.1386894197,0.30040996,0.02198118318,0.2505329475,0.07666819521,0.008913476316,1029,0.07654808184,0.0001181626777,0.001899617783,0.007231207873
583,,13.306,67.008,4323613.295,6.635846844,0.09313969567,0.3016992851,0.03314843225,0.2392070359,1.609982807,0.01991524992,1072,1.609745586,0.000250212835,0.01388674179,0.006156831601
584,,-3.114,67.031,4325097.343,6.635995886,0.133505917,0.2954789331,0.04150425594,0.3964198783,0.126660849,0.00911509389,979,0.1264266435,0.0002276992242,0.002165529404,0.007148566288
585,,-0.715,67.058,4326839.487,6.636170784,0.103374427,0.299634673,0.008212915206,0.2890859456,-0.009366491049,0.008108228775,1023,-0.009410291106,4.442731398e-05,0.001200054371,0.007097493222
586,,14.535,67.131,4331549.727,6.636643305,0.1392896203,0.300827289,0.02749628805,0.2716094373,1.61107794,0.02505059605,1035,1.610609446,0.0004975363505,0.01864812237,0.006495459279
587,,7.787,67.148,4332646.632,6.63675327,0.08318950804,0.2996713744,0.01028530482,0.6812593478,0.9910872048,0.01113984482,973,0.9911381792,-5.347764131e-05,0.004803437024,0.006481567812
588,,1.039,67.163,4333614.49,6.636850275,0.1922879153,0.3019016063,0.01581185023,0.1495578425,0.2963867337,0.01039174824,1052,0.2962941897,9.124744827e-05,0.003075841048,0.007552991296
589,,10.587,67.163,4333614.49,6.636850275,0.1102739505,0.2996302472,0.008454595152,0.2907696619,1.189464334,0.01391187589,1023,1.189372409,9.176954827e-05,0.007575599756,0.0064939848
590,,-0.312,67.222,4337421.396,6.637231617,0.06535173213,0.3006062962,0.02678942384,0.2679313871,0.1768095579,0.0076004093,1053,0.1767414539,7.003927612e-05,0.000887746268,0.006865564419
591,,1.74,67.2,4336001.872,6.637089461,0.1100541868,0.2996632946,0.006008982263,0.2936132918,0.2423496465,0.00837225089,1022,0.2423648911,-1.741736815e-05,0.001434652584,0.007131598348
592,,-3.017,67.316,4343486.637,6.63783849,0.1166915633,0.3005550621,0.06210353986,0.2884317464,0.3446509163,0.009412277732,1027,0.344392053,0.0002537387573,0.002681592653,0.006930183336
593,,-1.324,67.376,4347358.067,6.638225412,0.1609023511,0.2990581399,0.0005211783082,0.708720177,-0.1336588635,0.009323245886,1016,-0.1336627971,5.191220368e-06,0.002172434802,0.007374696616
594,,11.293,67.389,4348196.877,6.6383092,0.06585966162,0.2989409059,0.02137306815,0.3877154735,1.368345293,0.01680881217,986,1.368335616,1.673713825e-05,0.01138084803,0.005538241121
595,,9.678,67.405,4349229.258,6.638412301,0.07642725966,0.2999163821,0.01922922841,0.2104652612,1.183675871,0.01281363272,1095,1.183728113,-5.299284682e-05,0.006659379124,0.00631103243
596,,-1.259,67.481,4354133.07,6.638901698,0.1882926659,0.300908763,0.04047387294,0.3314055756,0.3310452087,0.01056145337,1011,0.3307915057,0.0002470972414,0.003279671273,0.007502480563
597,,14.643,67.498,4355229.975,6.639011093,0.1321513469,0.2994912234,0.009512420394,0.367267763,1.515842286,0.02232258343,1012,1.515415055,0.0004480375711,0.01625414801,0.006171197649
598,,3.764,67.657,4365489.265,6.640032925,0.1985613844,0.2968023039,0.03804800184,0.3850860409,0.7273634891,0.01247752086,985,0.7270767335,0.0002856114985,0.005051807367,0.007613275101
599,,0.938,67.701,4368328.314,6.640315272,0.1585882082,0.2987689254,0.0006166664295,0.7075101017,0.10551266,0.009233843411,1019,0.1055105795,-1.214892756e-07,0.002097700583,0.007359117114
600,,-0.1,67.706,4368650.933,6.640347345,0.1006369629,0.299216301,0.01905921345,0.5432982097,0.228629598,0.00818640101,952,0.2285313107,9.401864411e-05,0.001259686241,0.007100751209
601,,-2.041,67.783,4373619.269,6.640840974,0.1826648909,0.2954944878,0.03925656559,0.4289345311,0.2128403358,0.01023420333,970,0.2126070278,0.0002244769016,0.00299354851,0.007451416504
602,,3.378,67.845,4377619.747,6.641238035,0.1368598963,0.2998632467,0.00910421198,0.1770306428,0.4486040331,0.009345471945,1046,0.4485941049,5.4453209e-06,0.002323063148,0.007233987823
603,,-0.21,67.921,4382523.558,6.641724259,0.1282108687,0.2987724623,0.03014051703,0.348344267,0.250030532,0.008806554976,1007,0.2499021773,0.0001267557372,0.001797377743,0.007212273756
604,,2.983,67.938,4383620.464,6.641832946,0.1704837441,0.2997466499,0.02975837453,0.3529491853,0.6439912534,0.01082047286,1010,0.6437877928,0.0001962701794,0.003547066947,0.007471548876
605,,0.485,67.96,4385039.988,6.641973558,0.08775758781,0.2986296593,0.04547119651,0.3201851619,0.4401539968,0.008409232254,1019,0.4400281648,0.0001264133633,0.001570365802,0.007014161412
606,,-2.892,68.014,4388524.275,6.642318505,0.09246939939,0.2998550463,0.0135877817,0.2094050265,-0.2101564819,0.008128926527,1075,-0.2102553643,0.000101930818,0.001406770423,0.006905839769
607,,11.613,68.096,4393815.23,6.64284179,0.118918565,0.3000862113,0.01381027695,0.2276460553,1.323190856,0.01564896647,1054,1.323005893,0.0001879563099,0.009276181892,0.006527537739
608,,12.531,68.102,4394202.373,6.642880054,0.08782494732,0.2999116632,0.01366635654,0.258191331,1.406427036,0.01757731409,1045,1.406276666,0.0001569005211,0.01189175461,0.005815821426
609,,7.603,68.256,4404139.044,6.643861022,0.1180188264,0.2995910225,0.003084172852,0.3670276979,0.84684137,0.01083274741,1024,0.84685334,-1.693762593e-05,0.004161219333,0.006852295834
610,,3.882,68.271,4405106.902,6.643956452,0.1995715388,0.2995245816,0.003706110015,0.3778122218,0.4172618164,0.01086613366,1008,0.4171799377,7.7686814e-05,0.003567120067,0.007520956966
611,,1.214,68.375,4411817.381,6.644617527,0.1647814644,0.301226183,0.02732719411,0.1969480074,0.3878201788,0.009884946997,1078,0.3876940374,0.0001238672781,0.002721642091,0.00739551688
612,,13.064,68.546,4422850.957,6.645702305,0.1457617871,0.2997203005,0.0007189874282,0.6441971692,1.324313486,0.01778518388,1018,1.323985244,0.000336517107,0.01142215172,0.006499879411
613,,4.559,68.625,4427948.34,6.646202545,0.1468598054,0.3007076631,0.05576163095,0.3006475113,1.0923929,0.01280116202,1022,1.092066071,0.0003286649776,0.005536949899,0.007437498561
614,,-1.768,68.639,4428851.674,6.646291136,0.1356961058,0.2994090563,0.01468977027,0.3488049011,-0.02791305582,0.008761291467,1022,-0.02800831164,9.350381006e-05,0.001763685666,0.00720831887
615,,3.796,68.688,4432013.342,6.646601059,0.1589945783,0.2998153502,0.005314163287,0.2621968263,0.4491093589,0.009847504505,1019,0.4490769987,2.724146454e-05,0.002744801567,0.007318925865
616,,0.249,68.694,4432400.485,6.646638994,0.164876209,0.2996007782,0.01146842444,0.4185720884,0.1380792278,0.009395012784,999,0.1380163882,6.041823257e-05,0.002234885011,0.007381737755
617,,11.271,68.698,4432658.58,6.646664282,0.1867158338,0.2996167516,0.009432192353,0.4871415726,1.196080835,0.01697082252,996,1.195748809,0.0003401618158,0.009971235949,0.007136409313
618,,2.706,68.744,4435626.677,6.646954987,0.1610692787,0.3005125999,0.01811097966,0.1877280776,0.4629277446,0.009948013359,1066,0.462842711,8.11356512e-05,0.002806626237,0.007366385083
619,,3,68.954,4449176.682,6.648279652,0.1787398613,0.3015558526,0.01950714589,0.1625906984,0.5211555655,0.01064049759,1063,0.521035283,0.0001169706364,0.003418231298,0.007449910552
620,,11.308,68.978,4450725.255,6.648430786,0.1273454321,0.2990450641,0.0003604143542,0,1.185538715,0.0146938433,1021,1.185367481,0.0001719226308,0.00836351899,0.006487597247
621,,13.466,68.986,4451241.445,6.648481152,0.1607133806,0.2998573301,0.007485966554,0.2377425713,1.385682675,0.0196866869,1028,1.385283064,0.0004135359589,0.01313074794,0.006681179037
622,,12.321,69.018,4453306.208,6.648682558,0.1128352378,0.2994251553,0.0002037414193,0,1.282098784,0.01640983507,1024,1.281888124,0.0002147034242,0.01044180713,0.006110135832
623,,-2.243,69.046,4455112.876,6.648858712,0.05975272402,0.2996748519,0.0167091299,0.1952004221,-0.1229621616,0.007565087553,1121,-0.123062402,0.0001019653726,0.001059899784,0.006651758673
624,,10.987,69.059,4455951.685,6.648940473,0.150673964,0.2998202693,0.006502823748,0.1794006632,1.190257585,0.01500033593,1034,1.19003537,0.0002235842788,0.00831745059,0.006845101808
625,,3.724,69.059,4455951.685,6.648940473,0.06081107772,0.3012093869,0.03317860445,0.2340357214,0.6616879615,0.00844705814,1091,0.6617484246,-5.942747028e-05,0.001727313361,0.006875497923
626,,-4.625,69.102,4458726.21,6.649210805,0.08063448533,0.3006511767,0.0308098266,0.2169831669,-0.2685595327,0.008828073687,1102,-0.2686539879,9.767383039e-05,0.002590566626,0.006406821952
627,,2.369,69.141,4461242.64,6.649455844,0.1725319295,0.2948205297,0.05936819908,0.5871363304,0.9183080527,0.01336405311,911,0.917933924,0.0003821996232,0.005932427651,0.007556404551
628,,11.351,69.469,4482406.459,6.651511235,0.08843851585,0.2989474331,0.04157619679,0.3192388667,1.522461984,0.01641391262,1019,1.522346156,0.0001239842259,0.01009819262,0.006451369668
629,,7.38,69.687,4496472.655,6.652871957,0.1441264814,0.2995562032,0.0002588248752,0,0.7859378333,0.01103188904,1018,0.7859029825,2.866390125e-05,0.004190963924,0.007034059954
630,,9.747,69.713,4498150.275,6.65303396,0.1237820486,0.2990688131,0.01618146164,0.3800449348,1.177032106,0.0133840569,1001,1.176921168,0.0001109955828,0.006759705324,0.006784232362
631,,4.266,69.822,4505183.373,6.653712473,0.05486382383,0.2996407897,0.003653888639,0.4407582769,0.5106173202,0.008132546546,1010,0.5107699974,-0.0001528102473,0.001705875008,0.006557877433
632,,4.93,69.898,4510087.185,6.654184937,0.1784018514,0.2966523095,0.0418960038,0.3755746426,0.8918678616,0.01264325251,988,0.8915876964,0.000280380938,0.005329946253,0.007489232736
633,,7.955,70.007,4517120.283,6.654861655,0.1579349915,0.2996037412,0.01156043447,0.3199989472,0.959444172,0.01235635163,1014,0.9593062126,0.0001336727554,0.005373576143,0.007164092092
634,,1.787,70.112,4523895.286,6.655512544,0.178609469,0.3001166814,0.02525838437,0.3340919612,0.4739017684,0.01037919631,1012,0.4737247439,0.0001700912838,0.003136171947,0.007456191552
635,,3.317,70.154,4526605.287,6.655772626,0.1841118394,0.2978389626,0.03803601524,0.3622470096,0.6916454524,0.01156118532,997,0.6913976668,0.0002452396155,0.004252820104,0.007504782312
636,,3.422,70.176,4528024.812,6.655908798,0.161607192,0.2994995581,0.009677960875,0.5083295194,0.470938968,0.009886026266,993,0.4708719719,5.956055394e-05,0.002764597798,0.007328217318
637,,11.772,70.228,4531380.051,6.656230488,0.07513310809,0.2985273814,0.0672083699,0.3046517634,1.840987458,0.0205737278,1019,1.840801858,0.0002109003662,0.01416968403,0.006513858151
638,,2.396,70.291,4535445.053,6.65661991,0.07324890447,0.2929041356,0.06912327912,0.5719578618,1.119369261,0.01076340186,862,1.119140909,0.000239376916,0.003690957257,0.007178621805
639,,11.188,70.349,4539187.436,6.656978116,0.1365173174,0.3005197486,0.02481200907,0.2126796409,1.36426543,0.01621252573,1078,1.364007758,0.0002628695028,0.009531574005,0.006839613349
640,,10.191,70.363,4540090.769,6.657064536,0.1288547544,0.2997527183,0.005446202859,0.5366484662,1.136403124,0.01351321964,1007,1.136277518,0.0001246204094,0.007000879384,0.006672401899
641,,-4.107,70.495,4548607.916,6.657878503,0.1325908028,0.299652139,0.007155229166,0.2656398307,-0.361540846,0.009082774469,1020,-0.3616022865,6.53633362e-05,0.002200190429,0.007090300631
642,,13.375,70.549,4552092.203,6.65821105,0.09283426862,0.2967139146,0.05143295334,0.6271160646,1.850118973,0.02686384233,875,1.849818697,0.000350058906,0.02095072841,0.005960729794
643,,-4.057,70.657,4559060.778,6.658875382,0.1330295365,0.2994122039,0.0002814778242,0,-0.4350219082,0.009200609794,1021,-0.4350518109,3.470133945e-05,0.002283923535,0.007121500079
644,,5.642,70.666,4559641.492,6.658930697,0.1300056158,0.2976955257,0.03357762682,0.546745756,1.008573116,0.01138044242,937,1.008427896,0.0001431836683,0.004334935666,0.007197459645
645,,9.473,70.752,4565190.542,6.659458909,0.06583796538,0.2991072445,9.525383077e-05,0,1.014426232,0.01313761036,1030,1.014490325,-6.308310624e-05,0.007626241865,0.005640733912
646,,8.348,70.882,4573578.641,6.660256151,0.1448146152,0.2996078171,0.004812380035,0.2873150624,0.9229183446,0.01188660268,1017,0.9228400908,7.362011839e-05,0.005085397733,0.006985855536
647,,-3.536,70.983,4580095.549,6.660874538,0.07152219813,0.299069494,0.0001143079914,0,-0.3885192574,0.00796782222,1030,-0.3886373042,0.000119708419,0.001369401944,0.006753491825
648,,-4.429,71.139,4590161.267,6.661827944,0.09675124746,0.3003817803,0.021254611,0.2238470034,-0.3152288164,0.008572829027,1077,-0.3153406754,0.000115936077,0.002047687716,0.006711046583
649,,7.824,71.208,4594613.412,6.662248976,0.1540302564,0.2896951328,0.06460106533,0.4429325676,1.45375631,0.01837891977,944,1.453362265,0.0004208031089,0.01107455067,0.007407229877
650,,-3.6,71.221,4595452.222,6.662328255,0.1509566417,0.3015922072,0.02777800556,0.2341823112,-0.133653033,0.009246961356,1059,-0.1337494329,0.0001006354303,0.002339004885,0.007135614994
651,,3.333,71.226,4595774.841,6.662358743,0.1092594308,0.2998680289,0.02204174809,0.2755024667,0.6070315756,0.009051174395,1027,0.6069917859,3.422460374e-05,0.002153929196,0.007086195504
652,,1.374,71.339,4603066.035,6.663047205,0.05509899933,0.2998008774,0.03697789583,0.1950182409,0.4237959353,0.007753710214,1157,0.4237927424,5.879618565e-06,0.00114870992,0.006755598702
653,,-1.42,71.355,4604098.416,6.663144598,0.05714117152,0.2996634717,0.01585053043,0.1883370401,-0.03942285744,0.007355029774,1127,-0.03949910389,7.784390895e-05,0.0008175924252,0.006681619877
654,,-4.21,71.41,4607647.227,6.663479221,0.1345259132,0.2922063833,0.05836596675,0.3622079185,0.1887356743,0.009513643617,995,0.1884612982,0.000266356559,0.002753770264,0.00696165158
655,,4.936,71.532,4615519.135,6.664220556,0.1242124158,0.3006534536,0.02431564617,0.1568668872,0.7488128968,0.01011846377,1104,0.7487636373,4.424607905e-05,0.003219494443,0.007106363727
656,,3.727,71.537,4615841.754,6.664250911,0.1622881451,0.2995729665,0.00470018798,0.3803835354,0.4362724301,0.009812585572,1016,0.4362378558,2.968852389e-05,0.00273980786,0.007287336294
657,,1.743,71.675,4624746.044,6.66508789,0.1559746658,0.299461338,0.00901041559,0.5171193322,0.2888339704,0.009292915584,996,0.2887827254,4.484173424e-05,0.002214240958,0.007291536025
658,,6.987,71.701,4626423.664,6.665245401,0.085801743,0.2993037867,0.01167321687,0.4030032758,0.8730891107,0.01011197515,998,0.8731718133,-8.538244262e-05,0.003651093217,0.006619233532
659,,7.865,71.85,4636037.716,6.66614696,0.1812501612,0.2982969151,0.02952129857,0.3557806652,1.060260359,0.01425044065,1001,1.059989466,0.0002735153441,0.007057610743,0.007355092184
660,,2.782,72.125,4653781.771,6.667806014,0.09087354454,0.2998939449,0.02031524702,0.218997371,0.5266678995,0.0084558616,1040,0.5266642018,4.467602456e-07,0.00165668113,0.006979155667
661,,12.23,72.141,4654814.152,6.667902346,0.1046164945,0.2998147109,0.01057974493,0.2185577459,1.359032191,0.01631808959,1056,1.35885834,0.000177529665,0.01033027679,0.006134193435
662,,2.723,72.178,4657201.534,6.668125032,0.1645776959,0.2990159524,0.0208959928,0.4125068713,0.4908204932,0.009980408909,988,0.4907028742,0.0001121964616,0.002843407785,0.007344917328
663,,6.816,72.263,4662686.06,6.668636175,0.06135106532,0.2906507375,0.06614112344,0.4662546796,1.464127903,0.01303742239,908,1.464085874,5.409947694e-05,0.006349036983,0.006797965481
664,,3.521,72.29,4664428.204,6.668798413,0.09514158821,0.2992814743,0.023144991,0.3407814801,0.5906074345,0.008725771706,1009,0.5906136629,-8.696231244e-06,0.001917354312,0.006984835903
665,,-3.127,72.411,4672235.588,6.669524733,0.09894567034,0.299748991,2.194141709e-05,0,-0.3440627906,0.008271969074,1026,-0.3441342637,7.451150396e-05,0.00151988674,0.006935802319
666,,-3.963,72.412,4672300.112,6.669530731,0.184555374,0.3005924218,0.00977561714,0.1570612935,-0.2804224912,0.01001892882,1039,-0.2804267928,9.987358771e-06,0.002889260163,0.007362067203
667,,5.146,72.428,4673332.494,6.669626681,0.1137115883,0.2999871038,0.01445434081,0.1533234466,0.6864419155,0.009589624839,1079,0.6864587207,-2.166680301e-05,0.002790936324,0.006995749516
668,,0.714,72.479,4676623.209,6.669932381,0.05203730853,0.2990443358,0.01857513207,0.3505599732,0.2392886765,0.007273921305,1004,0.2392772886,1.331634205e-05,0.000631244849,0.006772573301
669,,10.237,72.4,4671525.826,6.669458754,0.1694192829,0.2988989714,0.01693132932,0.5401832209,1.219145944,0.01546171204,978,1.218874455,0.0002779282918,0.008525225014,0.007075641079
670,,-1.898,72.522,4679397.734,6.67018996,0.1891574371,0.3001727249,0.01576896255,0.2939396508,-0.0418058581,0.009876642886,1011,-0.04187041323,6.5926869e-05,0.002706699744,0.007407127931
671,,-2.163,72.611,4685140.356,6.670722606,0.1413196565,0.2998214394,0.0002168575868,0,-0.2307477787,0.0088903871,1022,-0.2307646079,2.000378389e-05,0.00191860671,0.007184486612
672,,12.433,72.613,4685269.403,6.670734568,0.1701800416,0.3000002618,0.01773179262,0.3137359574,1.408268264,0.01954399374,1016,1.407872325,0.0004124581494,0.01274447348,0.006921254726
673,,13.978,72.639,4686947.023,6.670890045,0.09688240243,0.2969370397,0.04334937305,0.3599046817,1.728530904,0.02352883255,992,1.728242193,0.0003172186126,0.01754188134,0.006071912084
674,,7.245,72.738,4693334.883,6.671481543,0.09398845478,0.2995122493,0.008968154645,0.4909023292,0.8936532615,0.01038861413,990,0.893707411,-5.788121588e-05,0.003920885175,0.006628154485
675,,-2.511,72.837,4699722.743,6.672072238,0.1370809552,0.2999666819,0.03136766753,0.3114891852,0.07760298274,0.008867392209,1017,0.07742906179,0.0001695037883,0.001985685268,0.007095886211
676,,3.105,72.844,4700174.41,6.672113974,0.1970775036,0.2985702171,0.02184149071,0.4987972568,0.5451084481,0.01111323486,973,0.5449235088,0.000177386253,0.003816169267,0.007492101985
677,,0.671,72.981,4709014.176,6.672929998,0.1565292014,0.2990076563,0.02847410226,0.6851589727,0.44811622,0.009746589564,943,0.4479281071,0.0001755461502,0.002603376907,0.007320318162
678,,8.341,72.995,4709917.509,6.673013301,0.1444038843,0.2990370183,0.0004397240617,0,0.8871572496,0.01164400552,1018,0.8870925359,5.930342075e-05,0.004913117356,0.006917219023
679,,7.205,73.068,4714627.749,6.673447408,0.1800913378,0.300333212,0.01331602725,0.2394513774,0.8654134613,0.01240723814,1035,0.865246519,0.0001630729398,0.005321694108,0.007280573113
680,,-0.569,73.156,4720305.847,6.673970139,0.05415832716,0.2981026378,0.03118297062,0.5524038532,0.3379960586,0.007485332921,893,0.3378541645,0.0001440771549,0.000806807466,0.006798258482
681,,-1.971,73.459,4739856.57,6.6757652,0.1687273913,0.3011925906,0.02283686939,0.2314517729,0.009737785376,0.009398572763,1051,0.009644061762,9.563180029e-05,0.002354758881,0.007280194081
682,,7.674,73.526,4744179.667,6.676161128,0.1814523393,0.2995495456,0.002098752961,0.412346653,0.8003929784,0.01207669606,1014,0.8002659853,0.0001226131605,0.005052838728,0.007217874866
683,,9.666,73.562,4746502.525,6.676373716,0.1112084022,0.2969988528,0.04978556215,0.6495340035,1.592431946,0.01776114312,887,1.592209285,0.0002509635732,0.01103606337,0.006808876739
684,,-2.09,73.593,4748502.764,6.676556695,0.1469622742,0.3001535708,0.0143388295,0.1836713884,-0.0877876388,0.008892330732,1063,-0.08784825022,6.363759881e-05,0.001943543355,0.00717391729
685,,-0.613,73.628,4750761.098,6.676763192,0.1265815318,0.2991543126,0.0003259199255,0,-0.06277404206,0.008413548227,1021,-0.0627848154,1.141222692e-05,0.001507649306,0.007112189318
686,,-3.779,73.661,4752890.385,6.676957798,0.09039743808,0.2997292599,0.001430239235,0.3374301231,-0.4040035736,0.008266780949,1027,-0.4041007917,0.0001002315123,0.001616760998,0.006824421083
687,,11.215,73.692,4754890.624,6.677140531,0.120821352,0.2979565279,0.03891602893,0.6149525737,1.593260151,0.01848058136,912,1.592996779,0.0002876568875,0.01191034654,0.006664528185
688,,8.79,73.782,4760697.769,6.677670611,0.1683118758,0.2997858839,0.0001669000715,0,0.9066446937,0.01249142248,1016,0.9065136676,0.000126762248,0.005622876065,0.007054776737
689,,12.535,73.831,4763859.437,6.677958939,0.158951625,0.3007996332,0.0204796748,0.2514900394,1.418427981,0.01900006608,1039,1.418057117,0.0003845104841,0.01232073647,0.00681037267
690,,3.988,73.851,4765149.914,6.678076568,0.1501500964,0.2997438021,0.001917174718,0.2680079547,0.449058485,0.009524120794,1014,0.4490516154,1.453415689e-06,0.002561425364,0.007175560862
691,,-1.295,73.967,4772634.679,6.678758193,0.1614322384,0.3000778361,0.01263747435,0.2223006726,-0.01622033932,0.009154538773,1043,-0.01627522432,5.639426121e-05,0.002125343627,0.007260454683
692,,-2.934,73.976,4773215.394,6.678811033,0.1370387996,0.2988829512,0.02445487686,0.3478085825,-0.0942628477,0.008814014646,1008,-0.09438126484,0.0001201208418,0.001956775044,0.007069763669
693,,-0.601,74.033,4776893.253,6.679145536,0.1033981037,0.2998061854,0.01292662676,0.1838701885,0.04058200537,0.007983481206,1077,0.04053508368,4.788069664e-05,0.001205231846,0.006974512522
694,,2.434,74.033,4776893.253,6.679145536,0.06622032395,0.3006190023,0.02803809893,0.2695119819,0.4902507161,0.00791440551,1053,0.4902733204,-2.18880181e-05,0.001237259198,0.006833016661
695,,7.245,74.035,4777022.3,6.679157269,0.1779299533,0.2998300048,0.003402549148,0.3329355275,0.773451858,0.01173401884,1013,0.77333947,0.0001073613106,0.004718910361,0.007212884592
696,,-0.131,74.044,4777603.015,6.67921006,0.1568286759,0.2996905051,0.005286261314,0.2048935276,0.037135667,0.009030662686,1028,0.03711346457,2.243378854e-05,0.002003462536,0.007252940907
697,,1.854,74.079,4779861.349,6.679415299,0.1654951928,0.2996563458,0.01675079928,0.3057529035,0.3483820755,0.009603974497,1015,0.348297257,8.096980993e-05,0.002517920353,0.007306805454
698,,2.679,74.085,4780248.492,6.679450473,0.168526372,0.2935604448,0.06329394081,0.567594669,0.9908623288,0.01360159464,908,0.9904786787,0.0003944529089,0.006248284347,0.007474225385
699,,6.504,74.162,4785216.828,6.679901621,0.1414531991,0.2997059555,0.0001745429338,0,0.696746211,0.01033454712,1017,0.6967385818,1.225826564e-06,0.003529058998,0.007004045591
700,,1.138,74.165,4785410.399,6.679919189,0.1266734855,0.2980619717,0.04087474393,0.3388583031,0.5780654285,0.009317663753,1019,0.5778717207,0.0001864029788,0.002340142373,0.007168758747
701,,-3.09,74.259,4791475.64,6.680469285,0.07840698496,0.2983273761,0.02376439086,0.456775713,-0.06083874135,0.007801846727,952,-0.06102340128,0.0001844978588,0.001221288798,0.006735012169
702,,3.789,74.272,4792314.45,6.680545307,0.1430273892,0.2999350717,0.04459777855,0.3283999209,0.8996998864,0.01107194557,1012,0.8994638445,0.0002312594006,0.003964271041,0.007290883183
703,,14.375,74.299,4794056.593,6.680703157,0.1109090234,0.3001127263,0.03335209477,0.2557960661,1.743609031,0.02370370966,1035,1.7432254,0.0004109438559,0.01760120347,0.006203106751
704,,0.358,74.402,4800702.549,6.681304798,0.1609857235,0.2998996485,0.006782846935,0.2280634311,0.1020323007,0.009141930338,1029,0.1020024825,2.862392148e-05,0.002100905161,0.00726892792
705,,-3.081,74.512,4807800.171,6.681946409,0.1084718348,0.2997185767,6.735175197e-05,0,-0.3375147703,0.008388545859,1026,-0.33757344,6.212586687e-05,0.00162013719,0.006959915917
706,,-1.677,74.539,4809542.314,6.68210375,0.120823862,0.299653405,0.01796524532,0.3001473383,-0.02724451293,0.008351050239,1019,-0.02733442723,9.126212819e-05,0.001525184103,0.007029924807
707,,10.798,74.577,4811994.22,6.682325097,0.09246201946,0.2995831806,0.01782490972,0.3266719158,1.29283281,0.01423495075,1018,1.292777914,5.657580856e-05,0.008161098807,0.006220303496
708,,11.928,74.904,4833093.515,6.684225198,0.1028382992,0.301183928,0.03026083193,0.2257857371,1.481611342,0.01655439812,1084,1.481429422,0.0001872404972,0.01029579031,0.006410551397
709,,10.466,74.924,4834383.992,6.684341143,0.1500917584,0.299607114,0.0002536293016,0,1.088306456,0.01369209425,1020,1.088139805,0.0001649363765,0.007101979967,0.006758410746
710,,3.282,75.03,4841223.518,6.684955134,0.09738087326,0.3005220692,0.05056397994,0.230094946,0.9006314866,0.009939123276,1051,0.9004761849,0.000152228637,0.003073245449,0.007051067522
711,,9.682,75.091,4845159.472,6.685308076,0.1110515283,0.29969756,0.03264404263,0.3030800242,1.299723883,0.01369185186,1015,1.299610425,0.0001148431663,0.007093715953,0.006759256531
712,,-3.321,75.101,4845804.711,6.685365908,0.1785413854,0.2960222601,0.06519313773,0.7060683956,0.4326913455,0.01258622138,894,0.4322977152,0.0003930310811,0.005400473316,0.007309569058
713,,-0.236,75.235,4854450.905,6.686140113,0.1316824131,0.2991417321,0.02158371703,0.6753253659,0.2728649897,0.008740588639,951,0.272725234,0.0001287473999,0.001786951446,0.007140478751
714,,14.015,75.304,4858903.05,6.686538234,0.1162369447,0.2997104006,0.004731349338,0.374290255,1.4568968,0.01988622353,1021,1.456556918,0.0003526686364,0.01413803282,0.005866312168
715,,3.063,75.46,4868968.768,6.687436989,0.1363069734,0.299372085,0.02102933375,0.3392728419,0.5213845923,0.009318318542,1013,0.5213187577,6.11235214e-05,0.002370731554,0.007149790533
716,,6.002,75.499,4871485.198,6.687661387,0.1109153703,0.2998500071,0.0104770825,0.1788875791,0.7421946772,0.009740565017,1062,0.7422298531,-4.046442395e-05,0.003062252005,0.006869815307
717,,-3.634,75.517,4872646.627,6.687764917,0.1734141009,0.2991660609,0.01876380283,0.3769812959,-0.199711723,0.009647349808,1000,-0.1997798087,7.101400745e-05,0.002642107995,0.007232067692
718,,5.602,75.572,4876195.438,6.688081104,0.05135586469,0.3018039774,0.04285430848,0.2716167727,0.9417220968,0.009352870749,1053,0.9418294093,-0.0001047162132,0.002824582922,0.006671698467
719,,12.028,75.666,4882260.679,6.688620964,0.1766647299,0.2995853719,0.006646163792,0.2985737928,1.244644788,0.01704019087,1011,1.244317174,0.0003348012424,0.01029506138,0.006887313298
720,,10.614,75.716,4885486.871,6.688907851,0.1549474597,0.2988974752,0.0335108806,0.3268337409,1.364065311,0.0167606289,1016,1.363760804,0.0003150035345,0.009884156005,0.007015857642
721,,6.918,75.764,4888584.015,6.689183083,0.05709563418,0.2995965403,3.211900422e-05,0,0.7532620063,0.00981870479,1032,0.7534312369,-0.0001693367661,0.003936640077,0.006013150734
722,,7.534,75.768,4888842.11,6.689206012,0.1959445836,0.2979768927,0.03127607174,0.5200512426,1.076626342,0.01506058063,956,1.076315804,0.0003169561068,0.007804669733,0.007391228359
723,,5.209,75.802,4891035.921,6.689400852,0.1124249836,0.3000506556,0.01483352912,0.2660067238,0.6931420288,0.009459366517,1037,0.6931597095,-2.24931033e-05,0.002710299013,0.006939206363
724,,8.667,75.854,4894391.16,6.689698675,0.1249496597,0.2991435266,0.01924951507,0.3639470178,1.097274895,0.01225263176,1003,1.09719316,7.966239595e-05,0.005585515094,0.006835296397
725,,-4.83,75.905,4897681.876,6.689990573,0.1381779532,0.2997898316,3.790801542e-05,0,-0.5192643005,0.00946113369,1022,-0.5192824059,2.389479785e-05,0.002623463137,0.007041685149
726,,-0.078,75.912,4898133.543,6.690030622,0.09574001422,0.3002240323,0.03483618578,0.2235868749,0.36990211,0.008232433958,1049,0.3697745606,0.0001248334822,0.001519346208,0.00690000664
727,,6.792,75.993,4903359.974,6.690493778,0.0941491261,0.2979118522,0.04533523913,0.694790075,1.348737335,0.01317283804,875,1.34861432,0.0001364689439,0.006426702783,0.006846692293
728,,5.756,76.033,4905940.927,6.690722315,0.1908001043,0.3026699995,0.03882879319,0.3013762418,1.058024677,0.01451827092,1020,1.057671495,0.0003556789327,0.007252204693,0.00743470321
729,,13.23,76.324,4924717.364,6.692381311,0.06325612587,0.3003526477,0.03344559159,0.2113479762,1.600009563,0.0201059926,1119,1.599932112,8.765978778e-05,0.01484058275,0.005385818103
730,,4.848,76.326,4924846.412,6.692392691,0.1383486531,0.2949574368,0.06272527718,0.6022541613,1.245712079,0.0143057467,891,1.245399446,0.000330950967,0.007084393075,0.007324412057
731,,0.584,76.343,4925943.317,6.69248941,0.1805862072,0.3001165339,0.01666968142,0.2803860108,0.2171160954,0.009698921218,1019,0.2170265553,8.718201797e-05,0.002592858538,0.007337957783
732,,3.684,76.383,4928524.27,6.6927169,0.09917918971,0.3000907825,0.04375208089,0.2726893305,0.8747119685,0.009737556744,1034,0.8745925217,0.0001154536333,0.002879524628,0.007038324547
733,,12.251,76.531,4938073.798,6.693557576,0.1657776251,0.2992324129,0.02201688417,0.5965211143,1.447376518,0.01923090201,961,1.447005753,0.0003908404082,0.01249273934,0.006846891398
734,,-4.258,76.582,4941364.514,6.693846892,0.07316856835,0.299772383,0.009068937258,0.2094444146,-0.3995236445,0.008105840432,1070,-0.3996567641,0.0001357566124,0.001724247425,0.006540954522
735,,-1.002,76.649,4945687.611,6.694226681,0.1710267354,0.2994628952,0.005972191074,0.3671607186,-0.0483110247,0.009308879067,1013,-0.04833895934,2.883060023e-05,0.002262501166,0.007274794359
736,,14.794,76.656,4946139.278,6.694266341,0.1388037389,0.2982557285,0.0273060388,0.4852689641,1.680947132,0.02569649526,957,1.680490506,0.0004935236986,0.01947395889,0.006295777635
737,,4.848,76.672,4947171.659,6.69435698,0.1973581113,0.2974416033,0.03879355438,0.3582412091,0.8426609654,0.0129206914,995,0.8423652251,0.0002957220197,0.005642696762,0.007459430164
738,,3.568,76.701,4949042.851,6.694521214,0.1678604708,0.2999462587,0.007564850955,0.1796091001,0.4545265053,0.009893442301,1035,0.4544761827,4.565717355e-05,0.002871313324,0.007243793797
739,,1.435,76.841,4958076.188,6.695313196,0.1355034117,0.2999724075,0.01242894719,0.1952049206,0.267887828,0.008725487191,1059,0.267857943,2.732924655e-05,0.001830365098,0.00711318791
740,,-1.481,76.857,4959108.569,6.695403616,0.07492256945,0.298725981,0.02610905839,0.3603797165,0.06957455333,0.007568850221,997,0.06945331285,0.0001228851451,0.0009849906678,0.0067405091
741,,2.58,76.883,4960786.189,6.695550509,0.05067214651,0.2998446979,0.02829917733,0.1612578616,0.4887582657,0.007674346355,1210,0.4888211926,-6.063230845e-05,0.001132002312,0.006688981042
742,,13.224,76.997,4968141.907,6.696193992,0.1003578509,0.2995966905,0.00402305664,0.3380606897,1.393977033,0.01843049855,1027,1.393729955,0.0002552062205,0.0128885319,0.005667306767
743,,1.968,77.015,4969303.336,6.696295508,0.07284692732,0.2999742925,0.02253483089,0.2867381462,0.4004550404,0.00776944943,1033,0.4004666744,-1.157497793e-05,0.001114689076,0.006815875995
744,,6.408,77.117,4975884.767,6.696870314,0.09713689394,0.2994469943,0.01813980259,0.3176930336,0.8538715889,0.009880839181,1026,0.8539159435,-4.802858137e-05,0.003290234966,0.006764770594
745,,-3.36,77.218,4982401.675,6.697438737,0.1662756387,0.2986471855,0.04019523746,0.3304083016,0.01244830653,0.009519639772,1009,0.01229037762,0.0001585943094,0.002619405407,0.0071309286
746,,11.118,77.223,4982724.294,6.697466857,0.06754017913,0.299415805,7.158854852e-05,0,1.168803698,0.01659406113,1029,1.168755038,5.301216199e-05,0.01157394173,0.005136738829
747,,14.133,77.296,4987434.534,6.697877208,0.05328751838,0.2998884013,0.02668020496,0.1848183424,1.637905479,0.02779296351,1073,1.63779491,0.0001335219729,0.02351807984,0.00434432345
748,,-1.93,77.333,4989821.916,6.698085046,0.1650931118,0.2994635418,0.02031910785,0.3421756812,-0.01573206579,0.009230103134,1012,-0.01582576483,9.41948239e-05,0.002248887811,0.007207913488
749,,-0.529,77.351,4990983.345,6.698186121,0.1761181356,0.3009560867,0.02615881385,0.2809428682,0.1875303147,0.009590079518,1023,0.1874035839,0.0001253188697,0.002533451257,0.007289953044
750,,11.678,77.362,4991693.107,6.698247877,0.1097713281,0.2975047987,0.04915291149,0.6835776434,1.748957074,0.02204787375,881,1.748674333,0.0003240855955,0.01565975612,0.006455226504
751,,4.961,77.642,5009759.782,6.699816902,0.1948931103,0.2945160275,0.04651508081,0.3874553004,1.000757703,0.01416155363,996,1.000387245,0.0003739850497,0.006841318491,0.007471940495
752,,2.842,77.67,5011566.449,6.699973493,0.05107960911,0.298895296,0.0361333415,0.3189238247,0.6963972502,0.008085210926,1026,0.6964113207,-1.198141917e-05,0.001482725255,0.00673720297
753,,10.669,77.732,5015566.927,6.70032003,0.1364705187,0.3013797614,0.02714922752,0.23355742,1.338592111,0.01529963732,1058,1.338363287,0.0002319546592,0.008652821548,0.006810580285
754,,9.369,77.747,5016534.785,6.700403828,0.149462056,0.2990354509,0.0004674925344,0,0.9873336401,0.01247994998,1018,0.9872202608,0.0001091634788,0.005847511268,0.006811957128
755,,9.759,77.761,5017438.118,6.700482025,0.1976488027,0.2994297753,0.001796458212,0.2351353407,0.9760955574,0.01428947389,1008,0.9758581147,0.0002368162618,0.007315408272,0.007147302831
756,,-3.245,77.868,5024342.169,6.701079208,0.1497110935,0.2989507583,0.02302947798,0.5735140997,-0.07020745796,0.009056415764,958,-0.07035552021,0.0001402532236,0.002164257479,0.007100195382
757,,1.081,77.949,5029568.6,6.701530736,0.146991448,0.2997655756,0.000130097771,0,0.1173534271,0.008776253366,1019,0.1173596178,-7.856668976e-06,0.001849694062,0.00714414331
758,,-2.258,78.068,5037246.936,6.702193241,0.1835957296,0.3001584046,0.01189881459,0.2453329123,-0.1116373062,0.009631079695,1027,-0.1116769287,4.252833004e-05,0.002576144755,0.007292663447
759,,9.32,78.079,5037956.699,6.70225443,0.1466305814,0.2981158475,0.03773754724,0.3469963651,1.365274692,0.01538015977,1015,1.365001996,0.0002808516211,0.008456395528,0.007067366496
760,,6.186,78.101,5039376.223,6.702376783,0.1896101978,0.2993766139,0.007921785477,0.3628833553,0.6999991089,0.01151084953,1012,0.6998714082,0.0001229196645,0.004435027989,0.007277237049
761,,-0.517,78.105,5039634.318,6.702399025,0.1502537992,0.299051534,0.0004671588387,0,-0.04998191831,0.008806788867,1018,-0.0499870914,5.700517764e-06,0.001867542089,0.007159615759
762,,0.598,78.144,5042150.748,6.702615826,0.1975032123,0.2956672044,0.04932323338,0.5310136743,0.594436127,0.0117155943,935,0.5941113343,0.0003194306764,0.004421330112,0.007457139205
763,,9.869,78.157,5042989.558,6.702688069,0.1199680738,0.2997628366,0.003700120486,0.4052769733,1.084835905,0.01265357462,1018,1.084763948,6.933091611e-05,0.006313388824,0.006506216174
764,,-1.095,78.164,5043441.225,6.702726964,0.06950075799,0.2965382121,0.04005140578,0.3588287765,0.3209714088,0.007705232888,992,0.3207976865,0.0001736583124,0.001125857269,0.006730513546
765,,11.15,78.21,5046409.321,6.702982474,0.1797341401,0.3001790568,0.01208304368,0.2084358929,1.224825745,0.0164817001,1039,1.224508558,0.000322559441,0.009658860414,0.006975083956
766,,-1.115,78.333,5054345.753,6.703664947,0.1609159104,0.2935746945,0.05157269711,0.4486497035,0.4612354676,0.009988693809,949,0.4609345907,0.0002921537444,0.00293791628,0.007236468701
767,,-4.8,78.338,5054668.372,6.703692668,0.09915772038,0.2990975511,0.01418423551,0.3936608375,-0.3669927238,0.008496312388,998,-0.3671337008,0.000142732659,0.001974813653,0.006700924432
768,,6.378,78.34,5054797.42,6.703703755,0.1641071611,0.2965529003,0.03955297375,0.4210115118,1.045619185,0.01287431152,973,1.045375936,0.0002444642397,0.005765842664,0.00726736043
769,,-1.964,78.374,5056991.231,6.703892201,0.1146317617,0.2984445903,0.03759123982,0.6867882087,0.3247283791,0.008686855942,906,0.3244689595,0.0002495088361,0.001837189591,0.007007663831
770,,-2.113,78.465,5062862.9,6.704396167,0.1434109158,0.3009447046,0.02916505136,0.2125771589,0.03236535616,0.008816828967,1075,0.03225624332,0.0001110708672,0.002002201302,0.007043720472
771,,14.686,78.501,5065185.758,6.704595377,0.1763722318,0.2997872806,0.0001788951327,0,1.393616227,0.02182972953,1013,1.393139163,0.0004955116519,0.0154182947,0.006520037851
772,,2.95,78.532,5067185.997,6.704766846,0.1699381762,0.2987355286,0.03632714081,0.3313469812,0.6427148262,0.01060940505,1011,0.6425157434,0.0001951457344,0.003515165278,0.007300090947
773,,-2.454,78.545,5068024.807,6.704838732,0.05301466942,0.299084043,0.03985663002,0.3100486934,0.05337874443,0.007658971426,1029,0.05324990036,0.000132070308,0.001477554276,0.006312477151
774,,6.707,78.775,5082865.289,6.7061086,0.1440042916,0.2996239367,0.0002259096726,0,0.7180923384,0.01039089473,1018,0.718076709,8.802246016e-06,0.003644330484,0.006944698699
775,,0.911,78.897,5090737.198,6.706780678,0.1753263696,0.2999468336,0.005903691561,0.1813747956,0.1596252764,0.009424515644,1026,0.1595937311,2.956379106e-05,0.002388122598,0.007269556026
776,,9.448,79.103,5104029.108,6.707913142,0.1538030296,0.3009033081,0.02201412025,0.2335524285,1.177061035,0.01398644423,1050,1.176852487,0.000208176635,0.007189735775,0.006970339661
777,,-4.598,79.12,5105126.013,6.708006467,0.1120162044,0.2996475052,0.03984650163,0.3040878835,-0.1617177247,0.008774870151,1015,-0.1618558641,0.0001414577562,0.002338345116,0.006633956539
778,,-2.891,79.363,5120805.306,6.709338264,0.05247386187,0.2971108514,0.04208764313,0.5462120249,0.2172346914,0.007554412638,881,0.2169736734,0.000264042314,0.001137023157,0.006532083321
779,,3.387,79.502,5129774.119,6.710098242,0.1714900779,0.2994390464,0.0004189980125,0,0.3572307898,0.009664311211,1014,0.357209814,1.597232696e-05,0.002675806344,0.007209749521
780,,4.065,79.552,5133000.311,6.710371291,0.1420597403,0.2995586348,0.001801303079,0.7016652972,0.4623519845,0.009250326088,1018,0.4623558512,-1.041383472e-05,0.002412675379,0.007044907586
781,,1.762,79.684,5141517.458,6.711091315,0.1458279701,0.2996949913,0.007909692944,0.44007085,0.2792093399,0.008887194696,1004,0.2791757707,2.825357046e-05,0.001977584696,0.007120812738
782,,4.995,79.772,5147195.555,6.711570669,0.1921415526,0.2998888404,0.01373465607,0.3239109449,0.6350084258,0.01118755917,1007,0.634868654,0.0001349803225,0.004084034356,0.007312192141
783,,1.376,79.843,5151776.748,6.711957035,0.05472189695,0.2992600803,0.01208031789,0.4331203727,0.2920042841,0.007250431157,976,0.2920272823,-2.241884331e-05,0.0007121502478,0.006667889331
784,,5.144,79.844,5151841.272,6.711962474,0.1240605065,0.2996254273,0.01094146035,0.3850457149,0.6621786367,0.009489455701,1010,0.6621803048,-7.252769683e-06,0.002744807276,0.006934661482
785,,1.623,80.158,5172101.756,6.713667061,0.1000484128,0.3001649949,0.02745004952,0.2121622483,0.483100457,0.008388482082,1044,0.4830299835,6.655083268e-05,0.001666395947,0.006912028033
786,,10.905,80.1,5168359.374,6.713352704,0.1834468765,0.3003812603,0.02935648566,0.3324730568,1.38016956,0.01914913832,1013,1.379765351,0.0004217813394,0.01216555239,0.007105566033
787,,1.078,80.247,5177844.378,6.714148993,0.05593190149,0.2997272137,0.01503178999,0.3024343259,0.2409863127,0.007204203885,1022,0.2410006672,-1.315799491e-05,0.000666737404,0.006675373739
788,,8.386,80.393,5187264.858,6.714938423,0.1200244724,0.2994442584,0.01625797746,0.3596720763,1.045784523,0.011636325,1010,1.045737164,4.392262791e-05,0.005072688079,0.006735355668
789,,-1.934,80.611,5201331.055,6.716114497,0.07624869179,0.2994328239,8.946674573e-05,0,-0.2128977302,0.007518779596,1029,-0.2129649799,6.865683606e-05,0.000947611902,0.006732727498
790,,4.776,80.715,5208041.534,6.716674439,0.1179121416,0.2983154435,0.04135957715,0.3276397848,0.8818438876,0.01022053144,1012,0.8817347756,0.0001058313692,0.003377978284,0.007027740873
791,,6.115,80.801,5213590.584,6.717136924,0.08056981289,0.3013317609,0.03263868337,0.2310252983,0.9239798776,0.009760707312,1087,0.9240263507,-4.886879755e-05,0.003211116863,0.006724601963
792,,-4.91,80.803,5213719.632,6.717147673,0.1826270206,0.2994816384,0.01630464358,0.6800712085,-0.3121270191,0.01009036861,977,-0.3121860406,5.171673891e-05,0.003139942045,0.007175734824
793,,3.674,80.805,5213848.679,6.717158423,0.1188402117,0.2997473073,0.009830347005,0.2638889419,0.511786969,0.008824963057,1022,0.5117928776,-1.143725407e-05,0.002076155444,0.00694545973
794,,10.945,80.912,5220752.73,6.717733124,0.1577999023,0.2988571511,0.0005871263606,0.7076394706,1.132213782,0.01422295187,1019,1.132008231,0.0002048726389,0.00767987799,0.006707883919
795,,8.164,80.927,5221720.587,6.717813629,0.05476545061,0.2996749495,0.005446947932,0.5490142171,0.9470515104,0.01159342039,990,0.9471869402,-0.000134123315,0.006097027329,0.005613911666
796,,8.137,80.941,5222623.921,6.717888754,0.06370538687,0.2996881956,0.004895340771,0.2813162879,0.9199762562,0.01079734215,1027,0.920114435,-0.0001388216906,0.005005522834,0.005930328206
797,,5.011,80.975,5224817.732,6.718071145,0.1042624115,0.2997442964,0.006137759741,0.154039311,0.6015104482,0.008927435511,1046,0.6015758225,-7.003039769e-05,0.002330807861,0.006785137242
798,,9.263,80.983,5225333.922,6.718114049,0.1521313849,0.2997446855,0.02761868676,0.3085209897,1.204590472,0.01400670644,1009,1.20437777,0.0002141544342,0.007187187911,0.006984198339
799,,6.877,80.985,5225462.97,6.718124774,0.09354433244,0.298320238,0.02671421277,0.5077144676,1.065826762,0.0107470844,942,1.065819402,5.206767563e-06,0.004215461045,0.006677717791
800,,14.391,81.092,5232367.021,6.7186982,0.06866530394,0.2998583581,0.01986949511,0.1899041643,1.629182552,0.02443943189,1053,1.628956871,0.0002444449291,0.01967616936,0.00485374901
801,,-3.901,81.115,5233851.069,6.71882136,0.1111920133,0.3002130111,0.04331306728,0.2689289451,0.04609054751,0.008617592306,1034,0.04590394693,0.0001838239435,0.002162474821,0.006655029767
802,,14.286,81.138,5235335.117,6.718944486,0.1050736122,0.2999797149,0.02396430619,0.2382757862,1.67354247,0.02166206597,1037,1.673209497,0.0003520856385,0.01584377735,0.005929813356
803,,-3.152,81.1,5232883.211,6.718741042,0.1506786172,0.3002982357,0.03873261339,0.3030553257,0.09878348676,0.009130149314,1020,0.09859025231,0.0001874682212,0.002348496064,0.007004148439
804,,8.457,81.312,5246562.265,6.719874831,0.08276190067,0.2958838606,0.0525850064,0.5657689631,1.519653227,0.01444995137,883,1.51956243,0.0001060276969,0.007964815597,0.006584803047
805,,2.289,81.349,5248949.647,6.720072407,0.1089525658,0.2993512457,0.01501976059,0.3629295789,0.4203761935,0.008351510912,1010,0.4203544739,1.673133809e-05,0.001611584015,0.006926199751
806,,-0.659,81.514,5259596.08,6.720952393,0.1210448911,0.2998852948,0.02386167715,0.2680054795,0.1949822062,0.008310101429,1028,0.1948630247,0.0001155906328,0.001557674723,0.006957527076
807,,-0.327,81.551,5261983.462,6.721149479,0.1932734478,0.2996395802,0.0129560331,0.3502372141,0.114049154,0.00978752785,1010,0.1139654902,7.956171561e-05,0.002707221445,0.007314270945
808,,11.408,81.578,5263725.606,6.721293242,0.1627828733,0.2989943739,0.01686910645,0.5029727199,1.331381682,0.01649824485,978,1.331086497,0.0003050274335,0.009812948575,0.006816520877
809,,1.477,81.593,5264693.463,6.721373089,0.09662418298,0.2975695843,0.04389545134,0.6249616127,0.7556500505,0.009122155049,888,0.7554668923,0.0001799564056,0.002278445406,0.006982871003
810,,7.57,81.645,5268048.703,6.721649781,0.118860624,0.2989323971,0.02352479824,0.6062449988,1.113437876,0.01168945777,946,1.113351333,8.420981098e-05,0.005042697924,0.006796263114
811,,12.451,81.725,5273210.61,6.722075117,0.08978126358,0.2984081259,0.03523512452,0.659761645,1.69491151,0.02050897735,894,1.694678708,0.0002593283562,0.01479282289,0.005795655427
812,,2.334,81.781,5276823.945,6.722372605,0.1051397616,0.2979927264,0.02952508379,0.3657479025,0.5875131468,0.008660092379,995,0.5874302069,7.738244775e-05,0.00189487116,0.006944759594
813,,5.996,81.815,5279017.755,6.722553123,0.09074954502,0.3004734747,0.03700664529,0.209296549,0.9468392309,0.01007954698,1110,0.9468314322,4.631003698e-06,0.003463633893,0.006803488392
814,,10.688,81.846,5281017.994,6.722717647,0.1195572973,0.299817701,0.003861537231,0.24297073,1.162974369,0.01346948542,1025,1.162868392,0.0001043524438,0.007263353313,0.006370119986
815,,0.589,81.945,5287405.854,6.723242648,0.173047062,0.3008852338,0.03517369534,0.3043650147,0.4763264606,0.01002801092,1018,0.4761080394,0.0002112054971,0.002995419589,0.007249147299
816,,1.675,82.06,5294826.095,6.723851701,0.09050287838,0.2997138998,0.02833591624,0.3019447208,0.4235096195,0.008044407967,1017,0.4234695173,3.891696012e-05,0.001380876105,0.006842131486
817,,0.025,82.155,5300955.86,6.724354188,0.07728794236,0.2999314694,0.0237141834,0.1719120405,0.1854367155,0.007530939694,1147,0.1853956478,4.202319234e-05,0.001005803689,0.006701402253
818,,-1.399,82.182,5302698.003,6.724496894,0.1078781987,0.2998651985,0.01151499034,0.1611386177,-0.05607881146,0.007937246373,1067,-0.05613549904,5.866581377e-05,0.001273017372,0.006863709306
819,,13.462,82.21,5304504.671,6.724644836,0.1264589576,0.2998110875,0.001934274271,0.3286020944,1.389841461,0.01793043253,1020,1.389538391,0.0003112434765,0.01202267015,0.006041485421
820,,8.716,82.258,5307601.815,6.724898334,0.1577313136,0.2995807706,0.01350283915,0.3594384105,1.031774856,0.01262568153,1007,1.031626106,0.0001460133375,0.005849265183,0.006951951364
821,,9.489,82.329,5312183.007,6.725273028,0.09747144909,0.3015307048,0.03391784575,0.2586056586,1.287719355,0.01297243024,1054,1.287661036,5.747032251e-05,0.006554068715,0.006585751113
822,,-2.636,82.347,5313344.436,6.72536797,0.1642878345,0.2962216661,0.04387222974,0.3980737117,0.1420295845,0.009424021205,976,0.1418263677,0.0002006861675,0.002549960773,0.007093417613
823,,11.265,82.41,5317409.438,6.725700102,0.1579250728,0.2994156283,0.01339169213,0.5153931987,1.294038438,0.0156923616,987,1.293774361,0.0002706383742,0.009076304906,0.006754727389
824,,-3.457,82.474,5321538.964,6.726037246,0.1621408265,0.2987651439,0.02061860367,0.3962384495,-0.1663594233,0.009225317941,996,-0.1664484274,9.091789891e-05,0.002371045517,0.007077002012
825,,6.598,82.537,5325603.966,6.726368867,0.1288825914,0.3000674056,0.02247846895,0.2955540697,0.9060412885,0.01069915623,1021,0.9059826288,5.349660969e-05,0.003962776065,0.006924157787
826,,12.657,82.556,5326829.918,6.72646883,0.0925580686,0.2996743383,6.549294866e-05,0,1.316693449,0.01741178869,1026,1.316499876,0.0001989429437,0.01205455886,0.005486162798
827,,14.383,82.661,5333604.921,6.727020843,0.1832471414,0.2988286699,0.0007351286457,0.7073479687,1.37016344,0.02114432074,1015,1.369701127,0.0004794588673,0.01467756039,0.00657855464
828,,13.821,82.69,5335476.113,6.72717318,0.1619180465,0.2994350945,0.01007500503,0.3348512106,1.435146093,0.02012743871,1016,1.43474356,0.0004189876413,0.0137323578,0.006511498573
829,,1.905,82.708,5336637.542,6.727267707,0.1660646366,0.3005191657,0.02132202288,0.2788590458,0.3975942217,0.00955801651,1024,0.3974900778,0.0001001023701,0.002592534532,0.007189527831
830,,1.8,82.753,5339541.114,6.727503935,0.09275700631,0.2996560828,0.003211380125,0.1806395341,0.2250882549,0.007757754459,1039,0.2251307236,-4.403685899e-05,0.001134236079,0.006804493531
831,,2.654,82.842,5345283.736,6.727970763,0.1060620432,0.2996322639,0.01007749115,0.283576993,0.40330206,0.008258282406,1023,0.4033146248,-1.674045263e-05,0.001573757517,0.006873394853
832,,6.189,82.973,5353736.359,6.728656981,0.1595329545,0.3003201158,0.01404643798,0.240121136,0.7831226801,0.01088839988,1035,0.7830298254,8.672832029e-05,0.004023733496,0.007068726382
833,,-4.284,82.994,5355091.359,6.728766884,0.1693433008,0.2985093307,0.03565822903,0.6761630325,-0.007013019639,0.009761169051,934,-0.00722504988,0.0001952454984,0.002857752845,0.007097944494
834,,1.664,83.028,5357285.17,6.728944765,0.1242971492,0.2997954515,0.00434020864,0.3020234499,0.2200311533,0.008318122558,1021,0.2200397133,-1.115600198e-05,0.001559041041,0.00696326163
835,,10.95,83.053,5358898.266,6.729075512,0.09429581357,0.2993321157,0.01435233761,0.3491961948,1.311459934,0.01433243505,1016,1.311383144,7.841834597e-05,0.008403007164,0.006072217841
836,,-2.365,83.061,5359414.456,6.729117343,0.1586682405,0.3002343074,0.03774378754,0.3037626369,0.08856466019,0.009158647778,1012,0.08840936026,0.0001554380395,0.002332824206,0.007053982919
837,,-1.003,83.156,5365544.221,6.729613779,0.1910707965,0.3016565658,0.04477318987,0.3197981776,0.4199035655,0.01051934255,1017,0.4196300094,0.0002669794397,0.003447458489,0.007289922536
838,,-2.726,83.38,5379997.56,6.730782079,0.1440244591,0.2992960596,0.00036427288,0,-0.2891750717,0.008830396072,1018,-0.2891917888,2.051058829e-05,0.002013868402,0.007031172729
839,,4.292,83.396,5381029.942,6.730865409,0.1736645362,0.2998803071,0.005148913911,0.3189391987,0.4946067007,0.01001146055,1012,0.4945523062,4.869421352e-05,0.003068281935,0.00716103586
840,,5.16,83.453,5384707.801,6.731162141,0.1732820296,0.2998610615,0.003168072989,0.1993951529,0.5702090036,0.01029807061,1019,0.5701544714,4.839738736e-05,0.003384988792,0.007128865376
841,,0.275,83.526,5389418.041,6.731541872,0.1282921994,0.3015083422,0.02987529835,0.2470090443,0.2870955521,0.008550535716,1055,0.2869921086,0.0001017815977,0.001790029642,0.006975234292
842,,-0.206,83.554,5391224.708,6.731687434,0.1695181608,0.2998227915,0.003727688794,0.3060312975,0.01292519647,0.009118805999,1015,0.01290741469,1.760569342e-05,0.002173685151,0.007174906211
843,,8.784,83.563,5391805.423,6.731734211,0.1135357019,0.2992123855,0.01569790148,0.3559827057,1.113958756,0.0119126583,1011,1.113908513,4.711032142e-05,0.005475857752,0.006601658059
844,,2.991,83.649,5397354.473,6.732180941,0.1527734671,0.2930998728,0.06467995978,0.5453920046,1.057485261,0.01280885263,907,1.057131131,0.0003634801568,0.005642384444,0.007290670468
845,,-0.154,83.668,5398580.426,6.732279576,0.1030479868,0.2990131133,0.02149655188,0.361444715,0.179457156,0.007902630604,1001,0.1793776772,7.885386003e-05,0.001231877,0.006856190671
846,,-2.368,83.805,5407420.191,6.732990118,0.1442710767,0.2995962791,0.0002401987857,0,-0.2520304763,0.008764343901,1018,-0.2520458215,1.867229543e-05,0.001946274291,0.007033893854
847,,7.072,83.866,5411356.145,6.733306118,0.115940657,0.2958299718,0.04651665692,0.5056890006,1.292432357,0.01271748751,922,1.29227011,0.0001678871968,0.005897985108,0.00695065267
848,,11.098,83.887,5412711.146,6.733414851,0.07257763995,0.2999153899,0.03126763716,0.2330659866,1.485638833,0.01521497581,1050,1.485616604,2.57046339e-05,0.009362995735,0.005991411421
849,,10.542,83.993,5419550.673,6.733963281,0.141331697,0.2986673148,0.04287685685,0.3278480332,1.446267949,0.01664346923,1015,1.445980012,0.0002994237205,0.009892879222,0.006889267419
850,,-2.159,84.006,5420389.483,6.734030494,0.1799536776,0.2992991428,0.01712622628,0.4981587675,-0.03724910008,0.009462017087,980,-0.03734186547,8.745089538e-05,0.002494549557,0.007193394162
851,,2.614,84.045,5422905.912,6.734232069,0.1216124738,0.2996458669,0.009797350676,0.3107452656,0.3953105798,0.008516386075,1019,0.3953025546,2.960855782e-06,0.001780251275,0.006936077964
852,,6.313,84.129,5428325.915,6.734665915,0.0956127246,0.3001463792,0.0311976548,0.2924988117,0.948269768,0.01007297335,1027,0.948276073,-9.580026616e-06,0.003491757965,0.006756968887
853,,13.126,84.137,5428842.105,6.734707211,0.1400760158,0.300529651,0.02439725205,0.1907794309,1.527555547,0.0193797921,1089,1.527189064,0.0003798446604,0.0130180948,0.006499538915
854,,14.837,84.367,5443682.588,6.735892794,0.1213985959,0.2997078682,0.008105523614,0.4949042419,1.557612082,0.0219600363,997,1.557200378,0.0004314501633,0.01630400859,0.005757273988
855,,4.391,84.527,5454006.402,6.736715643,0.07106816401,0.2972720479,0.03659817924,0.3783774452,0.8168191123,0.00881086303,979,0.8168491855,-3.026802482e-05,0.002254940438,0.006706216114
856,,-2.053,84.572,5456909.975,6.736946789,0.0648838681,0.2962037901,0.05795841092,0.6429622741,0.5827133054,0.008365271142,843,0.5823825313,0.0003343789686,0.001732895124,0.006741665338
857,,14.053,84.774,5469943.79,6.737982863,0.1292303787,0.3015533877,0.03220290283,0.2584523999,1.646084105,0.02205394211,1045,1.64569218,0.0004137243705,0.01583484991,0.006331865714
858,,4.369,84.888,5477299.507,6.738566489,0.1681021706,0.2996245361,0.008436895741,0.365376787,0.5376675269,0.009966362477,1013,0.5376052115,5.653633167e-05,0.003055897204,0.007122028174
859,,14.926,84.896,5477815.698,6.738607416,0.1199744762,0.2976137824,0.04024630782,0.3571902908,1.741128553,0.02727519533,997,1.74072046,0.0004460779374,0.0212444272,0.006098453402
860,,-2.91,84.89,5477428.555,6.738576722,0.1621041174,0.2965482489,0.04181147361,0.3998795849,0.09417830344,0.009292460941,976,0.09398829663,0.0001878843848,0.002473769863,0.007038186539
861,,0.829,84.992,5484009.986,6.739098237,0.1923804655,0.2992275195,0.0006188864158,0.7089028345,0.0879026679,0.009647018567,1011,0.08789156597,9.117543537e-06,0.002623808305,0.007257912502
862,,9.693,85.062,5488526.655,6.739455778,0.1729335029,0.2995534227,0.007682263399,0.3700777653,1.05914229,0.01355888121,1013,1.058944633,0.0001963960315,0.006802994608,0.006925872093
863,,-4.81,85.115,5491946.418,6.739726291,0.1533074288,0.2965278179,0.04106429964,0.385948781,-0.1231683027,0.009315356407,983,-0.1233226004,0.0001552802369,0.002661284334,0.006873671242
864,,5.859,85.127,5492720.704,6.739787516,0.07263824718,0.2991437233,0.01883911987,0.4966430755,0.8677484134,0.009310834177,949,0.8678327387,-8.640598752e-05,0.002988486283,0.00646340546
865,,1.736,85.129,5492849.752,6.73979772,0.1744572229,0.3004512494,0.01110269935,0.1651936949,0.3068257105,0.009509730226,1045,0.3067683646,5.419200419e-05,0.00255967896,0.007182868147
866,,-1.334,85.264,5501560.47,6.740485891,0.1866425283,0.2997040644,0.0002898376218,0,-0.1323749403,0.009540739716,1010,-0.1323652256,-7.607587859e-06,0.002547043451,0.007227404777
867,,7.196,85.373,5508593.568,6.741040731,0.1788620863,0.3011794658,0.02668562281,0.3027479367,1.068618635,0.01349987885,1019,1.068359654,0.0002581212031,0.006495487849,0.007177248627
868,,6.826,85.488,5516013.81,6.741625345,0.1743333855,0.3011432801,0.01977137536,0.1758056356,0.912027351,0.0121698608,1063,0.9118572544,0.0001659088037,0.005261210615,0.00711003164
869,,7.963,85.519,5518014.049,6.741782802,0.06917248223,0.2934933308,0.06253580152,0.5490378175,1.572540376,0.01445730559,873,1.572479645,7.885298548e-05,0.00804016165,0.006508509904
870,,9.118,85.587,5522401.67,6.742127992,0.07611527991,0.299627755,5.386093685e-05,0,0.9844600942,0.01168147223,1026,0.9845294434,-7.068855807e-05,0.005965751586,0.005861493096
871,,1.344,85.691,5529112.149,6.742655399,0.05785764146,0.2996895281,0.009902738242,0.2096891213,0.2230953076,0.00713514175,1088,0.2231353239,-3.942552223e-05,0.0006763129575,0.006602951417
872,,6.341,85.752,5533048.103,6.742964446,0.08448914412,0.2996063975,0.003781892201,0.6717092824,0.7496547562,0.009257451547,1012,0.7497552424,-0.000104553448,0.00299167226,0.006425829984
873,,11.065,85.763,5533757.865,6.743020152,0.1973007779,0.3002268671,0.01404733146,0.2762987948,1.201519799,0.01711335599,1019,1.201172892,0.000354300628,0.0102398968,0.007016308824
874,,6.201,85.797,5535951.675,6.74319229,0.1928214933,0.2963374457,0.05014915726,0.5794878244,1.159563526,0.01612967644,925,1.15919996,0.0003796159197,0.008905856902,0.007336390999
875,,10.702,85.84,5538726.2,6.743409897,0.1406755104,0.2997329143,0.004350233023,0.4321262121,1.16675985,0.01370403923,1012,1.166599287,0.0001595502718,0.007317636593,0.006549297716
876,,6.295,85.861,5540081.201,6.74351613,0.1353582471,0.2987304352,0.02449522056,0.4074534633,0.9152509459,0.01073937287,984,0.9151641114,8.20187955e-05,0.003974588234,0.006943588106
877,,12.326,85.907,5543049.298,6.743748741,0.151138503,0.3007970569,0.03847958103,0.2894562562,1.541046156,0.02009387379,1023,1.540661906,0.000403495862,0.01346191399,0.00675267426
878,,7.572,85.932,5544662.393,6.743875108,0.0713050395,0.2946997658,0.04987440199,0.4629930778,1.376756793,0.01229512896,919,1.376744471,1.801534172e-05,0.005897321607,0.006519035302
879,,-3.133,86.027,5550792.158,6.744354966,0.1426316689,0.2988238363,0.0298461951,0.6463189552,0.05230668938,0.008850835981,939,0.05210348112,0.0001907274458,0.002072840244,0.006969881337
880,,8.94,86.05,5552276.206,6.744471063,0.1379934532,0.2992971155,0.0171823716,0.4059891071,1.110730109,0.01246606484,995,1.110612167,0.0001159724914,0.005860416343,0.006771569071
881,,2.445,86.061,5552985.968,6.744526576,0.1925775428,0.2998460788,0.003950437648,0.5884582408,0.2892834379,0.009889055323,1007,0.2892313875,4.656361797e-05,0.002872542909,0.007241949896
882,,11.107,86.098,5555373.35,6.744713251,0.1567630562,0.2983040494,0.03048995467,0.3801730052,1.391282119,0.01698656264,992,1.390983478,0.0003109579973,0.01027515689,0.006840448865
883,,13.513,86.166,5559760.971,6.745056121,0.0733016088,0.2925104544,0.05904126164,0.3497940735,1.893278108,0.02422600158,995,1.893092538,0.0002202260826,0.01855295262,0.005750515345
884,,1.627,86.207,5562406.449,6.74526272,0.09274928639,0.2985991411,0.02423810507,0.4653091886,0.4684168931,0.008055535976,952,0.4683567902,5.59488367e-05,0.001409049602,0.006812401933
885,,2.683,86.252,5565310.021,6.745489362,0.1146017628,0.2995749049,0.03450009794,0.3111717996,0.5940914705,0.008876546173,1026,0.59400847,7.943213584e-05,0.002147516241,0.006922473608
886,,9.572,86.326,5570084.785,6.745861806,0.1299462702,0.2991119827,0.02353015791,0.356032672,1.221764082,0.01321227843,1003,1.221630485,0.0001336205009,0.006666667391,0.006707605341
887,,5.649,86.375,5573246.453,6.746108248,0.1286728044,0.2940548202,0.05146451987,0.3617680043,1.169161491,0.01200118634,996,1.168937459,0.0002238466851,0.005082192526,0.007080308983
888,,5.574,86.419,5576085.502,6.746329425,0.1276615827,0.3004372983,0.02622415061,0.1903805584,0.8313290676,0.01022435213,1098,0.8312653588,5.764960397e-05,0.003516850276,0.006913173302
889,,2.254,86.433,5576988.836,6.746399775,0.09397134264,0.3000611454,0.01639135362,0.2595915875,0.3836292595,0.0079479104,1045,0.383641431,-1.413567016e-05,0.001350531481,0.00678129532
890,,13.799,86.438,5577311.455,6.746424898,0.1990803977,0.2993707635,0.0005718521639,0.709380106,1.294393024,0.02034774585,1008,1.293953075,0.0004542412997,0.01372820565,0.006737425406
891,,10.844,86.4,5574859.549,6.74623393,0.108990733,0.3000235286,0.01915727947,0.1969303348,1.305165075,0.01402173545,1089,1.305054173,0.0001100149521,0.007820337599,0.006369800749
892,,5.929,86.505,5581634.552,6.746761398,0.1811324334,0.2997528487,0.00452229234,0.6648374556,0.6658518314,0.01081850068,1005,0.6657597545,8.451787404e-05,0.003907672993,0.00711306403
893,,2.442,86.745,5597120.273,6.747964639,0.06854341452,0.2997152509,1.522781301e-05,0,0.2705072347,0.007394204726,1032,0.2705975325,-9.126525995e-05,0.0009596113272,0.006587263451
894,,14.13,86.75,5597442.892,6.747989671,0.1790621063,0.2997409224,0.004453762508,0.5912370762,1.399319099,0.02065579098,1005,1.398879476,0.0004570504647,0.01421350009,0.006554121075
895,,8.541,86.777,5599185.036,6.74812482,0.1110273603,0.2995972591,0.003166495544,0.3727916788,0.9506403549,0.01103222253,1024,0.9506476337,-1.190242738e-05,0.00474875693,0.006457173095
896,,10.755,86.895,5606798.849,6.748714976,0.09331658646,0.2996936499,0.01133710732,0.2023989566,1.235527565,0.01350486143,1072,1.235487139,3.920317707e-05,0.007597271271,0.006066346119
897,,-1.263,86.957,5610799.327,6.749024736,0.1564295162,0.2998280766,0.006437348187,0.2015920801,-0.07150889094,0.008789794558,1029,-0.07153767763,3.05743867e-05,0.001958891808,0.007058902105
898,,-0.403,86.973,5611831.708,6.749104639,0.1730123763,0.2974076208,0.03521749896,0.5018854007,0.3564629919,0.009677445301,952,0.356249294,0.0002032203854,0.002697295888,0.007176826651
899,,4.281,86.999,5613509.328,6.749234449,0.07475325047,0.3007820516,0.03668531647,0.214695406,0.7535594445,0.008714047903,1114,0.7535859871,-2.754279412e-05,0.002192902226,0.00669564347
900,,2.047,87.005,5613896.471,6.749264399,0.1377695253,0.299313261,0.01882532363,0.5587818842,0.4546636162,0.008904251744,966,0.454576338,7.834561873e-05,0.002087692325,0.007007570442
901,,6.764,87.016,5614606.233,6.749319303,0.09617537148,0.2996517742,8.131327094e-05,0,0.7405820242,0.009479137089,1026,0.7406701614,-9.260854272e-05,0.003186003828,0.006466860588
902,,-2.338,87.052,5616929.091,6.749498941,0.06738998516,0.2990030062,0.0001064797002,0,-0.2573082646,0.007351314744,1030,-0.2573968908,8.969098195e-05,0.0009206480641,0.006581425454
903,,3.251,87.082,5618864.806,6.749648583,0.1397170296,0.2991026486,0.02118346295,0.5856681428,0.6182597905,0.009400001817,958,0.6181612604,8.899491567e-05,0.002566659849,0.007015467907
904,,-1.433,87.093,5619574.569,6.749703438,0.1321128188,0.2990454671,0.02001282682,0.3445719154,0.02622144375,0.008347575632,1013,0.02612559066,9.615463087e-05,0.001632728944,0.006923742109
905,,9.543,87.122,5621445.76,6.749848025,0.1882382907,0.2985637617,0.0206769052,0.4105474233,1.139869614,0.01516573076,992,1.139588448,0.0002858759173,0.008240607114,0.007072125867
906,,5.626,87.14,5622607.189,6.749937744,0.0619181852,0.2957371907,0.04912565961,0.337256745,1.13597066,0.01006935506,1004,1.135983846,-1.248924846e-05,0.00356935387,0.00664374869
907,,13.279,87.258,5630221.002,6.750525442,0.1785273843,0.3002876997,0.01373717532,0.2115958866,1.409347207,0.02041218548,1047,1.408920463,0.0004428304632,0.01384854226,0.006684343396
908,,7.541,87.291,5632350.288,6.750689657,0.175669128,0.2994365569,0.0004396031943,0,0.7832474985,0.01139338945,1014,0.7831507696,9.068123094e-05,0.004598603556,0.006992681501
909,,8.758,87.355,5636479.814,6.751007956,0.1033385562,0.2968085567,0.04033162362,0.379501088,1.30274371,0.01274119439,982,1.302659971,8.530425982e-05,0.00622171951,0.006671528977
910,,2.992,87.422,5640802.911,6.751340926,0.1065373483,0.3000085146,0.01453109651,0.1579936278,0.4529032216,0.008344108869,1079,0.4529225469,-2.26038651e-05,0.001728030448,0.006814977264
911,,11.028,87.437,5641770.769,6.751415436,0.1258675103,0.2989514819,0.01974898296,0.4092542176,1.339489522,0.01471723586,991,1.339318751,0.0001748074555,0.008377345289,0.006484822577
912,,11.397,87.491,5645255.056,6.751683568,0.1585131255,0.3007103259,0.02463125279,0.2777029489,1.367335265,0.01668279452,1029,1.367032644,0.0003109333399,0.01004594645,0.006781377629
913,,10.55,87.67,5656804.823,6.752571195,0.1371023661,0.2990502764,0.01824128697,0.3762366831,1.267630859,0.01417035421,1003,1.26745606,0.000176928833,0.007697328526,0.006626892611
914,,14.191,87.75,5661966.73,6.752967313,0.06198646769,0.2996693159,0.006887606776,0.1939424652,1.422374499,0.03169276676,1070,1.422091183,0.0003073673191,0.02792272427,0.003819828931
915,,6.4,87.852,5668548.161,6.753471841,0.179312665,0.2996332221,0.00295698779,0.3675227948,0.6875244801,0.01090219872,1014,0.6874406553,7.785802655e-05,0.004041412647,0.007066050485
916,,9.36,87.86,5669064.352,6.753511387,0.08927769456,0.2955532835,0.04383890661,0.3741654829,1.46196703,0.01379874594,980,1.461886901,8.469641291e-05,0.007428826571,0.006506389545
917,,9.704,87.961,5675581.26,6.754010346,0.1934588692,0.2995196351,0.0004631195789,0,0.9695512184,0.01360545724,1011,0.9693411724,0.000207864651,0.006795204093,0.006987005496
918,,5.801,88.008,5678613.88,6.75424234,0.1951047348,0.3003913958,0.02029936797,0.2921952657,0.780888008,0.01190868623,1015,0.7806975065,0.0001866971389,0.004887522732,0.007219936374
919,,-0.854,88.052,5681452.929,6.754459413,0.1289420121,0.2997451094,9.502940974e-05,0,-0.09203095339,0.008217076525,1020,-0.09204292907,1.328670084e-05,0.001503790873,0.006922621153
920,,8.244,88.059,5681904.596,6.754493937,0.1448874653,0.299842,0.004343333084,0.3152704178,0.9133289486,0.01133997046,1018,0.913263377,5.99449706e-05,0.004762481798,0.006764364318
921,,-0.293,88.17,5689066.742,6.755041029,0.1854567724,0.3011229003,0.01796834381,0.1870118346,0.1638050885,0.009521839907,1055,0.1637220287,8.275533388e-05,0.002571360578,0.007193167822
922,,8.564,88.215,5691970.314,6.755262626,0.1794235778,0.2995600189,0.01282700154,0.4155958378,0.9958137606,0.01295943865,999,0.9956233167,0.0001883398681,0.006113384523,0.007018887158
923,,-4.328,88.307,5697906.507,6.755715319,0.1523060274,0.2970353033,0.03890227635,0.3952922768,-0.08846641762,0.009126326027,981,-0.08862507151,0.0001588542307,0.00247801774,0.006867127888
924,,11.031,88.377,5702423.176,6.756059443,0.1428235377,0.2999643431,0.02510955674,0.3074046043,1.407326607,0.01583522407,1017,1.407070319,0.0002632244704,0.009275267909,0.006706147398
925,,10.656,88.56,5714231.038,6.756957796,0.05628413213,0.2998454923,0.01652396183,0.211156365,1.251382787,0.01454198142,1105,1.251474502,-8.91459628e-05,0.009353261458,0.005316275049
926,,6.716,88.702,5723393.423,6.7576536,0.102677023,0.3006669495,0.05360223817,0.2324862685,1.293711444,0.01225058506,1051,1.293531412,0.0001792639177,0.005526515938,0.006901293637
927,,-0.311,88.706,5723651.518,6.757673184,0.1984250788,0.2997856479,0.00514114022,0.5075209318,0.02080945522,0.009710668984,1004,0.02077982116,2.724436273e-05,0.002705531216,0.007239684034
928,,-1.362,88.708,5723780.566,6.757682976,0.1372711215,0.2995233087,0.007256747456,0.4072431808,-0.06544145562,0.008387035326,1009,-0.06549317698,5.139068186e-05,0.001652507155,0.006945338151
929,,12.609,88.719,5724490.328,6.757736826,0.1143424968,0.2993084426,0.0002370834478,0,1.315457765,0.01614879572,1024,1.315243199,0.0002181201265,0.01039521073,0.005896741943
930,,-0.368,88.721,5724619.376,6.757746616,0.1995361287,0.2991165966,0.02106778275,0.3427940573,0.16019248,0.009880323558,1009,0.1600809089,0.0001096021974,0.002866565553,0.007247989964
931,,2.992,88.789,5729006.997,6.758079353,0.113216773,0.2992511939,0.0002457899978,0,0.3322949491,0.008209007256,1024,0.3323449062,-5.358578972e-05,0.001607990733,0.006795674575
932,,-4.375,88.797,5729523.188,6.758118481,0.0591979341,0.2933827951,0.05694427471,0.4636344581,0.1864648416,0.008087951384,909,0.1861811006,0.0002856678999,0.002027472028,0.006187797229
933,,8.65,88.876,5734620.571,6.758504688,0.1218785067,0.300764106,0.04961459083,0.2503281201,1.444718112,0.01455459275,1038,1.444464931,0.00025794714,0.007802265456,0.006916332788
934,,2.33,88.956,5739782.478,6.758895434,0.1677868477,0.297682032,0.02734270133,0.4395989272,0.5540900149,0.00987957772,976,0.5539237829,0.0001574951775,0.002929685842,0.007144885725
935,,4.462,89.151,5752364.626,6.759846407,0.1985185198,0.2999254115,0.00607572404,0.2179971439,0.5162795161,0.01065979234,1020,0.5161848921,8.924659121e-05,0.003678717811,0.007203366194
936,,9.525,89.255,5759075.105,6.760352742,0.1303202114,0.3002805891,0.01888923431,0.2655119328,1.171806053,0.01280327152,1036,1.171690316,0.0001133134192,0.006324185122,0.006652725291
937,,5.252,89.256,5759139.629,6.760357608,0.1374621635,0.2987614426,0.02869400248,0.3547020131,0.8286080938,0.01025484588,1001,0.8285098159,9.311389399e-05,0.003482706735,0.006960708346
938,,10.448,89.324,5763527.25,6.760688351,0.1019879698,0.3003118774,0.02756714758,0.2119363569,1.332194868,0.01369962095,1094,1.332105347,8.847860598e-05,0.007467577914,0.006402575677
939,,1.322,89.338,5764430.584,6.760756414,0.1465132695,0.2968427438,0.03481621468,0.4563948701,0.5442006215,0.009342333623,958,0.5440172696,0.000174643666,0.002473491465,0.007055233864
940,,3.144,89.398,5768302.014,6.761047991,0.1451284591,0.300820875,0.0221756057,0.2546300784,0.5369110418,0.009316742962,1042,0.5368340547,7.178860341e-05,0.002530899252,0.007000016227
941,,-1.793,89.418,5769592.491,6.76114514,0.07047074057,0.2996879979,3.022807664e-05,0,-0.1982564525,0.007278535162,1029,-0.1983233187,6.795886894e-05,0.0008408646497,0.006592786852
942,,-2.819,89.479,5773528.445,6.76144131,0.1366990952,0.2994752615,0.01195106214,0.3271139715,-0.1977231782,0.008509818059,1022,-0.1977909909,7.105292187e-05,0.001833008348,0.006889228161
943,,5.95,89.485,5773915.588,6.76147043,0.1865918941,0.3001868438,0.01022382209,0.2469557495,0.7113721853,0.01117410457,1024,0.7112495795,0.0001170797419,0.004262022571,0.007120100291
944,,6.267,89.523,5776367.493,6.761654815,0.1412171161,0.2981946809,0.04290884815,0.6990291858,1.228054591,0.01335894205,909,1.227827292,0.0002375729918,0.00645487675,0.007020079633
945,,8.631,89.65,5784562.021,6.762270482,0.06801835457,0.2998546908,0.02717123161,0.1735634286,1.137619758,0.01116409777,1165,1.137716391,-9.859326402e-05,0.005075313227,0.006253804943
946,,-0.442,89.829,5796111.788,6.763136753,0.1575304645,0.2997558017,0.009506273298,0.5774106994,0.06655372931,0.008778524246,992,0.06649392003,5.494701802e-05,0.001956253517,0.007040243111
947,,-1.296,89.868,5798628.217,6.763325265,0.05330889267,0.2989153601,0.01902724847,0.3943422823,0.07155205367,0.006994185667,976,0.07143728081,0.000116205113,0.0006338830572,0.006488299928
948,,11.582,89.947,5803725.601,6.763706871,0.1464205263,0.2997396717,0.002012928976,0.2687736595,1.221199978,0.01464707692,1017,1.220990736,0.000209856559,0.008343893272,0.00646219194
949,,-1.312,89.976,5805596.792,6.76384687,0.1546172475,0.2981440712,0.03882326239,0.671110483,0.3712454258,0.009421185335,923,0.3709949903,0.000237365684,0.002533841808,0.007057762998
950,,-0.06,90.036,5809468.222,6.76413638,0.1050893381,0.2931548154,0.06809375758,0.5684528326,0.8443571756,0.009857053179,880,0.8440229714,0.0003363703569,0.003017727542,0.006968921364
951,,0.155,90.102,5813726.795,6.764454619,0.1934791938,0.2962853234,0.03890478485,0.4547226228,0.4399983703,0.01040204427,961,0.4397510259,0.0002380281404,0.003355480494,0.007243026562
952,,8.708,90.132,5815662.51,6.764599196,0.130772739,0.2997766633,0.02754633163,0.3097115054,1.165608426,0.01247033084,1010,1.165486633,0.000119802543,0.005878685227,0.006764794442
953,,13.394,90.188,5819275.845,6.764868944,0.1554208507,0.3011235672,0.03496690855,0.2863852989,1.584937919,0.02255566777,1023,1.584506478,0.0004564504102,0.0160586598,0.006601928007
954,,2.112,90.197,5819856.56,6.764912281,0.1624398695,0.2990721385,0.0210703977,0.3524102694,0.4206336984,0.009362927134,1007,0.4205322662,9.634465054e-05,0.002501604321,0.007077200319
955,,10.644,90.26,5823921.562,6.765215517,0.1887525072,0.2997966876,0.0004837211663,0,1.063413621,0.01439537931,1011,1.063172279,0.0002410566644,0.007688441498,0.006874272464
956,,-2.776,90.277,5825018.467,6.765297307,0.1463771689,0.2935273585,0.06473129712,0.5648419903,0.4835769273,0.009934617915,901,0.4832055177,0.0003650975471,0.00310177983,0.006987744202
957,,8.035,90.336,5828825.373,6.765581044,0.1746982761,0.3016198765,0.0249929703,0.2386696961,1.061377993,0.01325733121,1043,1.061153547,0.0002224405075,0.00640145225,0.007039296189
958,,14.684,90.415,5833922.756,6.765960675,0.1132920591,0.2975205899,0.04271509678,0.62606,1.863057242,0.02771723697,902,1.862649541,0.0004564324033,0.02189384006,0.005878590242
959,,-4.392,90.417,5834051.804,6.765970281,0.1915899701,0.3017735339,0.02322742158,0.1949503414,-0.1967131691,0.009769788774,1064,-0.1967635175,5.72645309e-05,0.002911476923,0.007103616162
960,,11.946,90.417,5834051.804,6.765970281,0.08257646376,0.2997394156,0.003825626641,0.2138384601,1.285204527,0.01594508059,1039,1.28510396,0.0001034287668,0.01064665979,0.005432714646
961,,8.095,90.574,5844182.047,6.766723736,0.1024835468,0.3010344709,0.05006089397,0.2033639914,1.401230727,0.01339960686,1059,1.401035881,0.0001951741572,0.006773853914,0.006801521695
962,,-1.805,90.627,5847601.81,6.766977792,0.0866562205,0.298471782,0.02462256026,0.4087466953,0.08309028395,0.007548062931,971,0.08294134586,0.0001474424801,0.00107254804,0.006642130813
963,,2.809,90.707,5852763.717,6.767360991,0.1254739291,0.3017329279,0.05424139395,0.2202874205,0.9186615488,0.01050252994,1050,0.9184279104,0.0002284367716,0.003762266161,0.006942382928
964,,14.221,90.743,5855086.575,6.767533321,0.08669506372,0.2992450065,0.01817075856,0.3423836167,1.611036247,0.0220772699,1016,1.610754336,0.0003001680262,0.01696004774,0.00521282313
965,,3.18,90.865,5862958.483,6.768116819,0.06179777342,0.2979155635,0.02882553422,0.4132809284,0.6780322988,0.008005857181,959,0.6780586152,-2.663376825e-05,0.001565721438,0.006576828862
966,,0.06,90.905,5865539.437,6.768307959,0.10893504,0.295476496,0.04727097671,0.5091034809,0.5819543703,0.008699156585,920,0.5817280075,0.000220909556,0.001979999833,0.006879073146
967,,-3.877,90.998,5871540.154,6.768752035,0.09837866023,0.2983286438,0.0260690051,0.5202204287,-0.104850198,0.00797174195,942,-0.1050470527,0.0001939593146,0.001539337077,0.006604746483
968,,-3.322,91.19,5883928.73,6.769667404,0.06125545414,0.2995393953,0.009539989739,0.3645851297,-0.2612865661,0.007371943903,1010,-0.2614374295,0.0001518721663,0.001121538534,0.006390042182
969,,7.65,91.246,5887542.065,6.769934023,0.1677129883,0.3000717719,0.01215999791,0.2146812403,0.9160503099,0.01182170021,1045,0.915917649,0.0001272668365,0.005071132753,0.00694587379
970,,0.464,91.329,5892897.544,6.77032889,0.1479935953,0.2990132518,0.0004829106285,0,0.05552149377,0.008523775835,1019,0.05552155135,-1.507368366e-06,0.001770997144,0.006972545761
971,,8.134,91.343,5893800.878,6.770395459,0.1856008377,0.3017383991,0.04157765536,0.309985721,1.290851327,0.01660706011,1018,1.290463514,0.0003991939673,0.009579028438,0.007171561914
972,,10.058,91.462,5901479.214,6.770960882,0.09775711017,0.2977271396,0.04584834039,0.6930184024,1.633417188,0.01723937624,877,1.633240025,0.000203525146,0.0109764342,0.006344937756
973,,9.129,91.532,5905995.883,6.77129314,0.1724233172,0.3007156413,0.02033153146,0.2089506274,1.132012742,0.01392857223,1061,1.131778743,0.0002332847283,0.007166591743,0.006938906743
974,,10.45,91.602,5910512.551,6.771625144,0.1611774111,0.3011234038,0.02300549087,0.2318288909,1.277923598,0.01517910209,1051,1.277659621,0.0002669918971,0.008530090793,0.006811370577
975,,-1.557,91.707,5917287.554,6.772122675,0.1293523755,0.3026913753,0.03758105086,0.2439423267,0.1524031591,0.008421142637,1062,0.1522695133,0.0001340095737,0.001841343127,0.006798481124
976,,5.449,91.762,5920836.365,6.772383059,0.1327611842,0.3001931017,0.01844244817,0.185573941,0.7549507454,0.009869497826,1078,0.7549116276,3.258910581e-05,0.003225817525,0.00685040554
977,,1.166,91.765,5921029.937,6.772397257,0.1728645828,0.2967959515,0.05217339227,0.6533295211,0.7610554943,0.01158597747,911,0.7607353492,0.0003195574327,0.004521716646,0.007200234266
978,,-1.915,91.891,5929159.94,6.772993166,0.08043444624,0.299510726,8.606827518e-05,0,-0.2111067458,0.007413471716,1026,-0.211169651,6.443970759e-05,0.0009661710234,0.006613746891
979,,0.894,92.111,5943355.185,6.774031685,0.05330409039,0.2997747737,0.003419726019,0.2270197095,0.1246956801,0.00690438958,1047,0.1247307189,-3.468176522e-05,0.0005406570545,0.006497948393
980,,3.155,92.121,5944000.423,6.774078832,0.1049302604,0.2990820429,0.01937326311,0.5421924225,0.5913766225,0.008500221096,956,0.5913488884,2.126935728e-05,0.001903934768,0.00676732596
981,,0.643,92.148,5945742.567,6.774206102,0.1361433564,0.2998128454,0.008614828393,0.3233396411,0.1669240802,0.008337613403,1020,0.1668872103,3.356890322e-05,0.001636907197,0.006913487355
982,,9.107,92.18,5947807.329,6.774356892,0.06767474076,0.298006053,0.02878369039,0.39877959,1.246042991,0.01217134952,969,1.24612051,-7.605473352e-05,0.00629889533,0.00600483753
983,,1.382,92.257,5952775.665,6.774719516,0.1191781856,0.2987256563,0.02008797476,0.455427455,0.3879794188,0.008299240937,972,0.3879045695,6.845452044e-05,0.001633208423,0.006853972761
984,,-1.287,92.334,5957744,6.775081838,0.06578390822,0.2990296969,0.02558468067,0.6538595037,0.2311531354,0.007280797765,897,0.2309908401,0.0001609893731,0.0008355263499,0.006577360477
985,,8.861,92.369,5960002.335,6.77524643,0.167100813,0.3005503983,0.01593360911,0.1812671717,1.077760368,0.01315662444,1056,1.077569839,0.00018765797,0.006454564801,0.006886685081
986,,11.959,92.377,5960518.525,6.775284042,0.1052783336,0.2982497032,0.02806118385,0.3695583518,1.490610532,0.0161257545,996,1.490447978,0.0001701588757,0.01008689701,0.006170997979
987,,-2.561,92.418,5963164.003,6.775476754,0.1768069689,0.3019925874,0.02131957398,0.1546651522,-0.03404202547,0.00921024893,1068,-0.03410938526,7.160435331e-05,0.002394349907,0.007060337275
988,,13.046,92.577,5973423.293,6.776223291,0.1315345782,0.2935455252,0.06183092976,0.5439968185,1.844108401,0.02839499201,904,1.843721361,0.0004435590961,0.02191944781,0.006525160479
989,,-0.765,92.722,5982779.249,6.776902979,0.1936553265,0.3005056496,0.0398402067,0.3539371421,0.3736015074,0.01018895661,1003,0.3733566737,0.0002363390813,0.003222662461,0.007184663854
990,,-4.444,92.774,5986134.489,6.77714647,0.0569437046,0.2972951511,0.03310776031,0.3891837722,-0.1190795005,0.007753461051,969,-0.1192946787,0.0002166358631,0.001793146451,0.006089418146
991,,7.917,92.84,5990393.062,6.77745532,0.1594373527,0.2996825849,0.01809570802,0.3121170774,0.993844558,0.01199388354,1011,0.9937030139,0.0001373138507,0.005275807537,0.006901719255
992,,-3.031,92.85,5991038.3,6.777502096,0.092569064,0.3005907006,0.05601221214,0.2318366648,0.2651624587,0.008607271139,1051,0.2649994582,0.0001607046767,0.002470343896,0.006324924261
993,,8.147,92.923,5995748.541,6.77784341,0.1537255267,0.2984639464,0.02588904016,0.3780844351,1.095563159,0.01251142468,996,1.0953962,0.0001653996061,0.005780956866,0.006898734114
994,,8.73,93.054,6004201.163,6.778455234,0.1074774675,0.2997764399,5.813635733e-05,0,0.9441784252,0.01095366832,1026,0.9441950498,-2.138290728e-05,0.004820073694,0.006306672327
995,,12.908,93.089,6006459.498,6.778618553,0.1990564546,0.2997385788,0.0002911236838,0,1.231976016,0.01806093157,1011,1.231600396,0.0003842015776,0.01144467367,0.006750456588
996,,3.79,93.213,6014460.453,6.779196674,0.09665590793,0.2997514954,1.374085937e-05,0,0.4185891636,0.008056375525,1026,0.4186725804,-8.690215537e-05,0.001619045171,0.006618727663
997,,9.657,93.428,6028333.078,6.78019724,0.1175265398,0.2992638028,0.0002605949411,0,1.037839534,0.01191243531,1024,1.037795785,3.959779389e-05,0.005779168884,0.006304598613
998,,3.879,93.592,6038914.988,6.780958916,0.1657637735,0.2992472781,0.02015601093,0.3335960512,0.5968938625,0.009921524137,1014,0.5967869321,0.0001012112082,0.003089023471,0.007041845275
999,,4.825,93.5,6032978.795,6.780531799,0.1426728368,0.2982670867,0.02810331228,0.5315077752,0.8565651227,0.0103141849,949,0.8564339033,0.0001244203538,0.003528917576,0.006954321549
